{"choices": [[0, 1, 1, 1, 1, 0, 1, 2, 1, 0, 2, 1, 2], [0, 0, 1, 0, 1, 2, 1, 2, 1, 0, 1, 1, 0, 2, 1, 1, 1], [0, 2, 2, 1, 2, 1, 1, 0, 1, 0, 1], [2, 1, 2, 1, 1, 0, 2, 0, 1, 1, 0, 1, 1], [0, 2, 1, 1, 0, 1, 0, 0, 2, 2], [2, 1, 1, 1, 1, 2, 1, 0, 2, 1, 2, 1, 0, 1, 1, 2, 1], [2, 1, 0, 1, 0, 1, 1, 1, 1, 0, 2, 1, 1, 0, 0, 0], [0, 0, 1, 1, 1, 0, 1, 1, 0, 1, 1, 1, 1], [0, 1, 1, 2, 1, 0, 2, 1, 1, 0, 1], [0, 1, 0, 2, 2, 1, 0, 2, 1, 0, 1], [2, 1, 1, 1, 0, 2, 1, 1, 1, 0, 1, 0], [2, 1, 1, 1, 1, 1, 0, 2, 1, 1, 0, 1], [2, 1, 1, 0, 2, 1, 0, 2, 1, 0, 1, 0, 1, 1, 0], [1, 0, 1, 0, 1, 0, 2, 1], [0, 1, 1, 0, 2, 1, 1, 0, 0], [2, 2, 1, 2, 1, 0, 2, 1, 2, 1, 1, 0, 2, 1, 0, 1], [1, 1, 0, 0, 1, 1, 1, 1, 0, 2, 1, 0, 1, 0, 2, 2], [0, 2, 1, 2, 1, 1, 0, 1, 2, 1], [1, 1, 1, 0, 2, 1, 1, 1, 0, 2, 1], [1, 0, 1, 0, 2, 1, 0, 2, 1, 0, 1, 0, 2, 2, 1], [0, 2, 2, 1, 1, 0, 2, 1], [0, 1, 2, 1, 0, 1, 0, 1, 0, 1, 0], [0, 0, 0, 1, 1, 1, 0, 0, 2, 2, 1, 0, 1, 1, 0, 2], [0, 1, 0, 1, 0, 1, 1, 1, 2, 1, 1, 2, 2, 1, 1, 0, 2, 1], [0, 1, 1, 1, 0, 2, 1, 1, 0, 1, 2, 1, 2], [2, 1, 1, 0, 2, 1, 2, 2, 1, 0, 1, 1, 0, 1, 0]], "scores": [[6, 5], [2, 6], [6, 2], [6, 3], [4, 6], [6, 5], [4, 6], [4, 6], [6, 2], [2, 6], [6, 5], [6, 4], [1, 6], [2, 6], [5, 6], [6, 5], [3, 6], [1, 6], [5, 6], [1, 6], [6, 3], [4, 6], [5, 6], [6, 2], [3, 6]], "winner": [0, 1, 0, 0, 1, 0, 1, 1, 0, 1, 0, 0, 1, 1, 1, 0, 1, 1, 1, 1, 0, 1, 1, 0, 1], "ground_truth_matrix": [[0.13752005263490732, 0.5763766176359812, 0.2861033297291114], [0.4442768956910587, 0.42035659237871714, 0.135366511930224], [0.004063560048523049, 0.8846815727032601, 0.11125486724821687]], "estimated_matrix": [[0.13043478260869565, 0.4891304347826087, 0.3804347826086957], [0.46296296296296297, 0.3950617283950617, 0.1419753086419753], [0.05970149253731343, 0.7910447761194029, 0.14925373134328357]]}