{"choices": [[1, 0, 2, 1, 1, 0, 1, 2, 0, 2, 1, 0, 0], [2, 1, 2, 0, 1, 2, 2, 0, 0, 0, 2, 2, 2], [2, 1, 1, 0, 2, 2, 2, 1, 0, 1, 1, 0, 0], [2, 0, 0, 0, 0, 0, 2, 2, 2, 2, 0, 0, 0, 2, 1], [0, 1, 1, 1, 1, 2, 0, 2, 1, 0, 2, 0, 0, 1, 1, 1, 1, 1, 0], [0, 2, 2, 2, 1, 1, 2, 2, 2, 2, 2, 2, 1, 1, 1, 2, 1], [2, 1, 0, 1, 1, 1, 0, 2, 1, 0], [0, 2, 2, 1, 2, 1, 0, 2, 2, 0, 2, 1, 1], [1, 2, 0, 0, 1, 1, 0, 0, 0, 2, 1, 1, 2, 0, 0], [0, 2, 1, 2, 2, 0, 0, 0, 1, 1, 2, 2, 0, 1, 0, 1, 1, 0, 1, 2, 0, 2], [2, 1, 1, 2, 1, 0, 1, 0, 1, 2], [0, 1, 1, 0, 0, 0, 0, 2, 2, 2, 0, 2, 1, 2, 1], [2, 1, 1, 2, 2, 0, 1, 2, 0, 2], [0, 1, 0, 0, 1, 0, 1, 2, 0, 1, 0, 2], [0, 0, 2, 1, 1, 2, 0, 0, 1, 0, 0, 1, 2, 1], [2, 1, 1, 0, 2, 0, 0, 2, 0, 1, 2, 2, 0, 1], [1, 0, 2, 1, 2, 1, 0, 2, 2, 2, 1, 1], [0, 1, 1, 2, 2, 1, 2, 1, 1, 2, 0, 1], [1, 2, 0, 1, 2, 2, 0, 1, 0, 1, 1, 2, 2, 0, 2, 1, 0], [1, 2, 2, 1, 0, 0, 1, 1, 1, 0, 1, 2, 0, 1, 2, 2, 0, 0, 1, 2], [0, 1, 2, 1, 1, 0, 0, 2, 0, 1], [1, 1, 1, 0, 1, 2, 1, 1, 0, 0, 1], [0, 1, 1, 0, 0, 2, 0, 1, 0, 2, 2, 2, 2, 1, 2, 1, 0], [0, 0, 0, 2, 2, 0, 2, 0, 0, 1, 0, 0], [1, 1, 0, 2, 0, 2, 2, 2, 2, 1, 1, 0, 2, 1], [2, 1, 0, 2, 0, 2, 0, 2]], "scores": [[6, 2], [3, 6], [6, 3], [2, 6], [6, 5], [6, 1], [1, 6], [6, 5], [5, 6], [6, 3], [6, 5], [6, 3], [6, 3], [6, 4], [6, 4], [6, 2], [6, 5], [3, 6], [6, 5], [6, 2], [6, 3], [5, 6], [2, 6], [6, 4], [6, 1]], "winner": [0, 1, 0, 1, 0, 0, 1, 0, 1, 0, 0, 0, 0, 0, 0, 0, 0, 1, 0, 0, 0, 1, 1, 0, 0], "ground_truth_matrix": [[0.3333333333333333, 0.3333333333333333, 0.3333333333333333], [0.3333333333333333, 0.3333333333333333, 0.3333333333333333], [0.3333333333333333, 0.3333333333333333, 0.3333333333333333]], "estimated_matrix": [[0.33043478260869563, 0.3565217391304348, 0.3130434782608696], [0.33884297520661155, 0.34710743801652894, 0.3140495867768595], [0.3185840707964602, 0.336283185840708, 0.34513274336283184]]}