{"choices": [[2, 0, 1, 1, 0, 0, 0, 0, 0, 0, 2, 1, 1, 0, 0, 0, 1, 0, 1, 1], [1, 2, 2, 0, 0, 1, 1, 0, 2, 0, 1, 1, 0, 1, 2], [0, 2, 2, 2, 2, 1, 2, 1, 1, 1, 2, 1, 1, 0, 1, 0, 2, 0, 2, 2, 2, 1], [1, 0, 1, 1, 1, 0, 1, 2, 2, 2, 1, 2, 0], [1, 1, 0, 2, 0, 2, 0, 1, 2, 1, 0, 2], [1, 2, 2, 1, 2, 1, 2, 1, 2, 0, 1, 0], [1, 2, 2, 0, 0, 1, 2, 1, 0, 1, 1, 2, 1, 0, 0, 0, 1], [0, 1, 1, 2, 1, 1, 0, 2, 0], [2, 2, 0, 1, 0, 1, 2, 2, 2, 2, 1, 0, 2, 0, 2, 2, 0], [1, 2, 2, 1, 0, 0, 0, 1, 1, 2, 0], [2, 0, 1, 2, 2, 0, 2, 1, 0, 2, 2, 0, 1, 0, 0, 1], [2, 2, 0, 0, 1, 2, 2, 2], [2, 0, 1, 2, 0, 0, 2, 2, 0, 2, 2, 0, 0], [2, 0, 2, 2, 2, 2, 1, 2, 1, 1, 1, 2, 1, 0, 1, 1, 2], [2, 2, 1, 1, 2, 2, 2], [0, 0, 0, 1, 0, 0, 2, 1, 1, 0, 2, 1, 2, 0], [1, 0, 2, 1, 2, 0, 1, 1, 1], [1, 2, 2, 0, 2, 2, 0, 1, 2, 2, 0, 2, 0, 0], [2, 0, 0, 1, 1, 0, 1, 2, 1, 0, 0, 2], [0, 1, 0, 2, 0, 0, 0, 1, 1, 1], [2, 0, 2, 2, 1, 0, 0, 1, 0, 1], [0, 0, 0, 0, 2, 2, 1, 0, 2, 1, 1, 1, 1, 1, 2, 0, 2], [1, 0, 2, 2, 2, 1, 1, 0, 2, 1, 1, 1, 0, 1, 0, 0], [0, 1, 2, 2, 1, 1, 1, 0, 1, 1, 1, 1], [0, 0, 0, 2, 2, 0, 0, 2, 1, 0, 1, 0, 1, 2, 0, 1, 2, 1, 1, 0, 2], [1, 0, 0, 2, 0, 2, 2, 2, 1, 0, 1, 2]], "scores": [[6, 5], [6, 5], [6, 3], [2, 6], [6, 1], [5, 6], [2, 6], [6, 4], [6, 3], [4, 6], [6, 2], [4, 6], [6, 5], [6, 0], [3, 6], [6, 0], [6, 5], [6, 4], [2, 6], [6, 2], [6, 5], [6, 4], [6, 4], [6, 5], [6, 3]], "winner": [0, 0, 0, 1, 0, 1, 1, 0, 0, 1, 0, 1, 0, 0, 1, 0, 0, 0, 1, 0, 0, 0, 0, 0, 0], "ground_truth_matrix": [[0.3333333333333333, 0.3333333333333333, 0.3333333333333333], [0.3333333333333333, 0.3333333333333333, 0.3333333333333333], [0.3333333333333333, 0.3333333333333333, 0.3333333333333333]], "estimated_matrix": [[0.3008849557522124, 0.3805309734513274, 0.3185840707964602], [0.3474576271186441, 0.3474576271186441, 0.3050847457627119], [0.3392857142857143, 0.30357142857142855, 0.35714285714285715]]}