{"choices": [[2, 2, 2, 2, 0, 1, 2, 2, 0, 1, 0], [2, 2, 1, 1, 2, 2, 2, 1, 0, 2, 2, 1, 1, 2, 0], [1, 0, 1, 0, 0, 2, 0, 1, 1, 0, 0, 1, 1, 2, 0, 0, 0, 0], [1, 0, 1, 2, 0, 0, 1, 1, 0, 1, 1, 2, 1, 0, 0, 0], [1, 0, 0, 0, 1, 1, 0, 1, 0, 1, 2], [0, 2, 1, 2, 1, 2, 2, 2, 2, 0, 2, 0, 1, 2], [2, 1, 1, 1, 1, 0, 1, 0, 0, 0, 2], [2, 0, 0, 1, 0, 0, 2, 0, 0, 1], [0, 2, 2, 0, 0, 1, 0, 2, 0, 1, 1, 1, 1, 2, 2, 1, 1, 1], [2, 0, 1, 0, 0, 0, 0, 1, 1, 0, 0, 2, 0], [0, 2, 0, 1, 1, 0, 0, 1, 2, 2, 0, 0, 1, 1, 1, 0, 1], [1, 1, 0, 2, 0, 0, 1, 0, 1, 0, 2, 1, 2, 2, 1, 2], [0, 1, 1, 1, 2, 2, 1, 0, 2, 2, 1, 1, 2, 1], [0, 0, 2, 0, 2, 1, 0, 1, 1, 0, 2, 0, 2, 1, 1, 0, 0], [0, 1, 2, 0, 1, 1, 2, 1, 0, 1, 0, 0, 2, 0, 2, 1, 1], [1, 1, 0, 0, 1, 2, 2, 0, 1, 2, 1], [0, 1, 1, 0, 1, 2, 1, 0, 2, 1, 0, 2, 1, 0, 0, 0], [2, 0, 2, 2, 0, 0, 1, 2, 1, 0, 2, 1], [0, 2, 2, 2, 2, 2, 1, 2, 2, 1, 2, 1, 2, 0], [0, 2, 2, 2, 1, 1, 1, 2, 1, 0, 1, 1, 1, 2, 0, 1, 1, 0, 2, 0, 2, 1], [2, 0, 1, 2, 1, 1, 0, 1, 0, 2, 1, 2], [1, 0, 2, 1, 2, 2, 0, 2, 0, 1, 0, 0, 2], [1, 0, 0, 1, 1, 2, 0, 0, 0, 0, 1, 0, 2, 0, 2, 2, 1, 1], [0, 0, 1, 2, 2, 2, 0, 1, 2, 2, 0, 0, 2, 1], [1, 0, 2, 0, 1, 1, 2], [1, 0, 2, 1, 1, 2, 1, 1, 2, 0, 0, 0]], "scores": [[5, 6], [6, 5], [5, 6], [6, 3], [6, 5], [6, 4], [3, 6], [5, 6], [3, 6], [5, 6], [3, 6], [5, 6], [4, 6], [4, 6], [2, 6], [4, 6], [3, 6], [6, 4], [6, 4], [6, 3], [6, 5], [5, 6], [6, 3], [0, 6], [2, 6]], "winner": [1, 0, 1, 0, 0, 0, 1, 1, 1, 1, 1, 1, 1, 1, 1, 1, 1, 0, 0, 0, 0, 1, 0, 1, 1], "ground_truth_matrix": [[0.3333333333333333, 0.3333333333333333, 0.3333333333333333], [0.3333333333333333, 0.3333333333333333, 0.3333333333333333], [0.3333333333333333, 0.3333333333333333, 0.3333333333333333]], "estimated_matrix": [[0.32, 0.384, 0.296], [0.384, 0.328, 0.288], [0.3490566037735849, 0.33962264150943394, 0.3113207547169811]]}