{"choices": [[2, 0, 2, 2, 1, 1, 0, 0, 1, 2, 2, 1, 2], [1, 2, 1, 1, 1, 2, 2, 2, 1], [1, 2, 1, 1, 2, 0, 1, 1, 1, 1, 0, 2, 2, 0, 0, 1, 2, 0, 0, 2, 2, 1], [2, 1, 1, 0, 1, 0, 2, 1, 2, 1, 1, 0, 2, 1, 2, 0, 2], [0, 1, 0, 0, 2, 0, 2, 0, 2, 2, 2, 2, 1, 1, 2, 1, 2, 0], [1, 0, 0, 2, 2, 1, 2, 0, 0, 0, 0, 0, 1], [0, 1, 2, 2, 0, 0, 2, 1, 2, 0, 0, 2, 1, 2, 1, 1], [2, 1, 2, 2, 1, 1, 0, 2, 1, 1, 2, 2, 0, 2, 2, 1, 2, 1, 0, 0], [0, 2, 0, 1, 0, 0, 2, 2, 2, 0, 0, 1, 1, 1, 1], [2, 1, 0, 0, 1, 2, 0, 2, 2, 1, 0, 2, 1], [1, 2, 2, 2, 1, 2, 1, 0, 1, 2, 0, 0, 2, 2, 1, 2], [1, 2, 1, 0, 2, 2, 0, 0, 2, 2], [1, 0, 1, 1, 0, 2, 0, 2, 1, 0, 1, 2, 2, 0, 2, 2, 1, 1], [2, 1, 1, 0, 2, 1, 1, 1, 0], [2, 2, 1, 1, 2, 2, 0, 1, 1, 1, 2, 1, 0, 0, 1, 0, 0, 2, 0, 0, 1], [0, 1, 2, 2, 1, 0, 2, 0, 1, 0, 1, 0, 1, 2], [1, 2, 2, 0, 0, 2, 2, 2, 1, 1, 0, 0], [0, 2, 2, 1, 0, 1, 0, 1, 2, 1, 0, 0, 2, 2, 2], [2, 2, 2, 1, 2, 0, 1, 1, 0, 1, 2, 1, 2, 2, 2, 0, 1], [0, 0, 2, 1, 2, 2, 0, 2], [2, 0, 0, 0, 2, 1, 2, 2, 0, 2, 2, 2, 1, 0, 2, 2, 2], [0, 0, 2, 2, 0, 2, 2, 0, 1, 1, 1, 2, 1, 1, 2, 2], [1, 2, 2, 1, 1, 0, 2, 2, 2, 1, 0, 2], [0, 2, 0, 1, 0, 1, 0, 1, 0, 1, 1, 0, 0, 1], [0, 2, 0, 1, 2, 1, 0, 0, 2, 0, 0, 0, 2, 0, 1, 0, 0, 1, 2, 2, 0], [2, 1, 2, 0, 1, 1, 0, 1, 0, 0, 2, 2, 0]], "scores": [[1, 6], [6, 4], [4, 6], [3, 6], [6, 1], [5, 6], [6, 3], [4, 6], [4, 6], [5, 6], [1, 6], [4, 6], [6, 2], [5, 6], [5, 6], [4, 6], [6, 3], [5, 6], [1, 6], [2, 6], [6, 3], [4, 6], [4, 6], [6, 4], [6, 3]], "winner": [1, 0, 1, 1, 0, 1, 0, 1, 1, 1, 1, 1, 0, 1, 1, 1, 0, 1, 1, 1, 0, 1, 1, 0, 0], "ground_truth_matrix": [[0.3333333333333333, 0.3333333333333333, 0.3333333333333333], [0.3333333333333333, 0.3333333333333333, 0.3333333333333333], [0.3333333333333333, 0.3333333333333333, 0.3333333333333333]], "estimated_matrix": [[0.3008849557522124, 0.30973451327433627, 0.3893805309734513], [0.35, 0.275, 0.375], [0.2676056338028169, 0.36619718309859156, 0.36619718309859156]]}