{"choices": [[0, 0, 1, 1, 2, 1, 2, 1, 1, 2, 2, 0, 1], [1, 2, 1, 2, 0, 1, 2, 1, 2, 0, 0, 2, 1, 2], [1, 2, 0, 2, 2, 0, 0, 2, 0, 1, 2, 1, 1], [0, 2, 0, 2, 2, 2, 2, 0, 0, 0, 0, 0, 1, 2], [1, 2, 0, 0, 0, 0, 0, 2, 0, 1, 1], [0, 0, 0, 0, 0, 1, 2, 2, 0, 0, 2, 1, 2, 2], [0, 2, 0, 2, 0, 1, 1, 2, 0, 1], [0, 2, 0, 2, 0, 0, 0, 0, 1, 1, 2, 0, 0, 0], [2, 2, 1, 2, 1, 2, 0, 1, 1, 2], [0, 2, 2, 1, 2, 0, 2, 0, 0, 0], [2, 0, 2, 1, 1, 1, 1, 2, 0, 0, 1, 1, 1, 2], [1, 1, 2, 0, 2, 1, 2, 2, 2, 2, 1, 1, 2, 2, 2], [2, 2, 1, 2, 0, 1, 2, 0, 1, 1, 2, 1, 1, 2, 0, 1], [1, 1, 1, 2, 1, 2, 0, 1, 2, 1, 1, 1, 2], [1, 2, 0, 0, 1, 2, 0, 0, 0, 1, 2, 1, 1], [2, 1, 2, 0, 0, 0, 0, 2, 0, 0, 1, 2, 0, 2, 1, 2, 2, 1], [1, 2, 2, 1, 1, 2, 1, 1, 2, 0, 0, 0, 1, 1], [0, 1, 2, 2, 1, 2, 2, 1, 2, 1, 1, 2, 1, 1, 2], [0, 0, 0, 0, 1, 2, 1, 2], [0, 0, 1, 2, 1, 2, 0, 1, 2, 2, 0, 0, 0, 0, 2, 1, 1, 2, 0, 0], [2, 1, 2, 1, 1, 2, 0, 0], [0, 2, 0, 0, 1, 0, 1, 2, 2, 0, 0, 2, 1, 2, 1, 2], [0, 2, 0, 0, 1, 2, 1, 1, 2, 1], [0, 0, 2, 2, 0, 0, 1, 1, 2, 0, 0, 0], [1, 2, 2, 0, 0, 1, 2, 1, 2, 2, 1, 2, 2, 0, 0, 0, 2, 0, 1, 1], [2, 1, 2, 0, 0, 0, 1, 1, 0, 0, 0]], "scores": [[5, 6], [6, 4], [1, 6], [3, 6], [6, 5], [2, 6], [5, 6], [6, 2], [6, 3], [5, 6], [4, 6], [6, 4], [3, 6], [6, 5], [5, 6], [4, 6], [5, 6], [1, 6], [6, 5], [1, 6], [4, 6], [1, 6], [5, 6], [6, 4], [6, 2]], "winner": [1, 0, 1, 1, 0, 1, 1, 0, 0, 1, 1, 0, 1, 0, 1, 1, 1, 1, 0, 1, 1, 1, 1, 0, 0], "ground_truth_matrix": [[0.5181264455547144, 0.26083944940007764, 0.22103410504520798], [0.026173875865603876, 0.31253977758688134, 0.6612863465475148], [0.4474486415503265, 0.2841256366330289, 0.2684257218166446]], "estimated_matrix": [[0.4818181818181818, 0.2818181818181818, 0.23636363636363636], [0.05660377358490566, 0.32075471698113206, 0.6226415094339622], [0.423728813559322, 0.3559322033898305, 0.22033898305084745]]}