{"choices": [[1, 0, 1, 1, 0, 0, 1, 1, 0, 0], [2, 1, 2, 2, 0, 1, 2, 2, 2, 1, 0, 0, 1, 2], [0, 1, 0, 1, 1, 1, 0, 0, 0, 2], [0, 2, 2, 2, 0, 0, 0, 1, 1, 1, 2, 0, 1], [2, 1, 2, 2, 2, 2, 0, 2, 1, 1, 1, 1, 0], [0, 2, 1, 1, 0, 0, 1, 0, 1, 1], [2, 1, 2, 2, 2, 0, 2, 1, 1, 0, 2, 0, 2, 1, 2], [0, 1, 0, 0, 0, 1, 2, 2, 1, 0, 2, 2], [1, 1, 0, 0, 1, 2, 1, 2, 1, 1, 0, 1, 2, 0, 2, 1], [1, 2, 0, 1, 0, 1, 0, 2, 1, 0, 1, 0, 0], [1, 1, 2, 2, 0, 2, 2, 0, 2, 0, 2, 1, 1], [0, 1, 0, 0, 2, 2, 1, 2, 1, 1, 2, 1, 0, 0, 2, 0, 1, 1, 1, 2, 2, 2], [2, 2, 0, 1, 2, 2, 1, 2, 0, 2, 2, 1, 2, 0, 0, 0, 2, 2, 2, 2], [1, 2, 0, 2, 2, 2, 1, 0, 2, 1, 2, 2, 0, 1, 2, 0, 1, 1, 0, 0], [1, 2, 1, 1, 2, 0, 0, 0, 2, 2, 2, 2, 0, 1, 1], [1, 1, 2, 1, 0, 0, 2, 0, 2, 2, 0, 0, 0, 0, 0, 2], [2, 2, 0, 1, 2, 1, 1, 1], [1, 2, 2, 0, 2, 2, 2, 0, 1, 2, 2, 0, 1, 0, 1], [0, 1, 1, 1, 2, 1, 0, 1, 0, 1, 2, 2], [2, 1, 1, 2, 0, 1, 1, 0, 2, 0, 1, 0, 1, 0, 1, 1], [2, 1, 1, 1, 1, 1, 1, 2, 2, 1, 2, 2, 2, 2, 1], [2, 0, 0, 2, 1, 2, 2, 2, 2, 2, 1, 1, 0, 2], [2, 2, 0, 2, 1, 0, 1, 1, 1, 1, 1, 2, 1, 0], [1, 0, 2, 1, 1, 1, 2, 2, 1, 2, 0, 2, 0, 2], [0, 2, 2, 2, 2, 0, 1, 2, 0, 1, 2, 0, 1], [2, 1, 2, 1, 0, 0, 0, 1, 1, 0, 2, 0, 0, 0, 0, 0, 2]], "scores": [[6, 3], [6, 1], [6, 4], [6, 2], [6, 3], [6, 4], [4, 6], [6, 4], [1, 6], [2, 6], [6, 5], [6, 4], [6, 5], [4, 6], [4, 6], [6, 2], [6, 4], [4, 6], [6, 5], [6, 4], [6, 4], [4, 6], [5, 6], [3, 6], [6, 2]], "winner": [0, 0, 0, 0, 0, 0, 1, 0, 1, 1, 0, 0, 0, 1, 1, 0, 0, 1, 0, 0, 0, 1, 1, 1, 0], "ground_truth_matrix": [[0.3333333333333333, 0.3333333333333333, 0.3333333333333333], [0.3333333333333333, 0.3333333333333333, 0.3333333333333333], [0.3333333333333333, 0.3333333333333333, 0.3333333333333333]], "estimated_matrix": [[0.26, 0.41, 0.33], [0.2845528455284553, 0.36585365853658536, 0.34959349593495936], [0.3023255813953488, 0.2868217054263566, 0.4108527131782946]]}