{"choices": [[2, 0, 2, 0, 2, 0, 2, 0, 2, 0, 2, 0], [0, 2, 0, 1, 0, 2, 0, 2], [0, 2, 0, 2, 0, 2, 0, 2, 0], [0, 2, 0, 1, 0, 0, 2, 0, 2, 0], [2, 2, 0, 2, 0, 2, 2, 0], [2, 0, 2, 0, 1, 1, 0, 2, 0], [1, 1, 0, 2, 0, 1, 2, 2, 0, 1, 1, 0, 1], [0, 1, 2, 0, 2, 0, 1, 0, 1, 0], [1, 2, 0, 1, 0, 2, 0, 2, 0, 2, 0, 2], [0, 2, 0, 1, 0, 2, 0], [0, 2, 0, 2, 0, 1, 2, 0, 1, 2, 0], [2, 0, 2, 0, 2, 0, 1, 0, 2, 0], [1, 2, 0, 2, 0, 0, 2, 0, 2], [2, 2, 0, 1, 2, 0, 2, 0, 2, 2, 0, 2, 2], [0, 1, 2, 0, 2, 0, 1, 0, 2, 0], [2, 2, 0, 2, 0, 2, 0, 2, 0, 2], [1, 0, 2, 0, 2, 0, 1, 0, 2, 0], [1, 2, 0, 2, 0, 2, 0, 2, 0, 1, 0, 2], [1, 2, 2, 0, 2, 0, 2, 0, 1, 2, 2, 0], [1, 0, 2, 0, 2, 0, 2, 0, 0, 2, 0], [2, 0, 1, 2, 0, 2, 0, 1, 2, 0, 1, 0, 2], [2, 0, 1, 2, 0, 2, 0, 1, 2, 2, 0], [1, 0, 1, 2, 0, 2, 2, 0, 1, 2], [2, 0, 1, 2, 2, 0, 2, 0], [2, 0, 1, 0, 2, 0, 1, 0, 2, 0, 2], [2, 0, 2, 0, 2, 0]], "scores": [[1, 6], [3, 6], [3, 6], [2, 6], [1, 6], [6, 5], [2, 6], [2, 6], [0, 6], [4, 6], [1, 6], [1, 6], [6, 5], [2, 6], [1, 6], [1, 6], [2, 6], [4, 6], [2, 6], [5, 6], [4, 6], [3, 6], [2, 6], [2, 6], [0, 6]], "winner": [1, 1, 1, 1, 1, 0, 1, 1, 1, 1, 1, 1, 0, 1, 1, 1, 1, 1, 1, 1, 1, 1, 1, 1, 1], "ground_truth_matrix": [[0.00808589587802731, 0.2919348284123876, 0.6999792757095851], [0.4025067146270047, 0.047309595323829744, 0.5501836900491655], [0.8111021428639186, 0.014681668231234549, 0.17421618890484686]], "estimated_matrix": [[0.05309734513274336, 0.3185840707964602, 0.6283185840707964], [0.4878048780487805, 0.07317073170731707, 0.43902439024390244], [0.8365384615384616, 0.019230769230769232, 0.14423076923076922]]}