{"choices": [[2, 2, 2, 0, 2, 2, 1, 0, 2, 2, 2, 2, 2, 2, 2, 2], [2, 1, 1, 0, 1, 1, 2, 2, 2, 2, 2, 2], [1, 2, 1, 0, 1, 1, 0, 1, 0, 2, 2, 2, 1], [1, 1, 0, 1, 2, 2, 2, 2, 2], [0, 2, 2, 2, 1, 2, 2, 2, 2, 2], [2, 2, 2, 2, 2, 1, 1, 1, 0, 1, 0, 2], [2, 2, 2, 2, 2, 2, 2, 2, 2], [0, 2, 2, 2, 2, 2, 2, 2], [0, 0, 1, 0, 1, 2, 2], [0, 2, 2, 2, 2, 2, 2, 2, 2], [0, 2, 2, 2, 2, 2, 1, 0, 2, 2, 2, 1, 0, 2, 2], [2, 1, 1, 1, 1, 0, 2, 2, 2, 2], [0, 2, 1, 0, 2, 2, 2, 2, 2], [2, 2, 2, 1, 0, 2, 2, 2, 2, 2], [0, 1, 0, 1, 0, 1, 1, 1, 0, 1, 0, 1], [1, 0, 1, 0, 1, 0, 2, 2, 2], [0, 2, 2, 2, 1, 0, 2, 2, 2], [1, 2, 2, 1, 1, 0, 2, 0, 1, 2, 2, 2, 2], [2, 2, 2, 2, 2, 2, 2, 2], [2, 2, 2, 2, 2, 2, 2, 2], [0, 2, 2, 2, 2, 2], [1, 0, 2, 2, 2, 1, 0, 2, 2, 2, 2, 2], [2, 2, 2, 2, 2, 0, 2, 1, 1, 0], [0, 1, 0, 2, 2, 2, 0, 2, 1, 0], [0, 1, 1, 2, 2, 2, 2, 2, 2, 2, 2], [1, 0, 2, 2, 2, 2, 1, 0]], "scores": [[4, 6], [6, 3], [3, 6], [3, 6], [3, 6], [2, 6], [0, 6], [6, 1], [1, 6], [5, 6], [2, 6], [1, 6], [2, 6], [6, 4], [2, 6], [2, 6], [4, 6], [1, 6], [1, 6], [0, 6], [3, 6], [1, 6], [2, 6], [3, 6], [1, 6]], "winner": [1, 0, 1, 1, 1, 1, 1, 0, 1, 1, 1, 1, 1, 0, 1, 1, 1, 1, 1, 1, 1, 1, 1, 1, 1], "ground_truth_matrix": [[0.03443676353897418, 0.3084643471359715, 0.6570988893250544], [0.5450143221085124, 0.33105681519381275, 0.12392886269767477], [0.03557569328617503, 0.10593387119800697, 0.8584904355158179]], "estimated_matrix": [[0.06818181818181818, 0.38636363636363635, 0.5454545454545454], [0.5384615384615384, 0.3076923076923077, 0.15384615384615385], [0.08125, 0.11875, 0.8]]}