{"choices": [[1, 2, 0, 1, 1, 0, 1, 2, 2, 2, 2, 0, 1, 1], [0, 1, 2, 0, 0, 1, 2, 0, 1, 2, 0, 1], [1, 1, 1, 1, 2, 0, 0, 1], [0, 1, 2, 0, 1, 2, 2, 0, 1, 1, 2], [1, 1, 1, 1, 2, 0, 1], [0, 1, 2, 0, 1, 2, 0, 0, 0, 0, 0, 0], [0, 1, 1, 1, 2, 0, 0], [0, 0, 1, 2, 0, 1, 2, 2, 2, 1, 1, 2, 2, 0], [0, 0, 0, 0, 1, 1, 1, 2, 0, 1, 2, 0, 0, 0], [2, 0, 1, 2, 0, 0, 1, 1, 0, 1, 1, 2, 0, 1, 1], [1, 1, 1, 2, 0, 0, 1, 1, 1, 1, 0, 0, 1, 2, 0, 1, 2], [2, 0, 0, 0, 0, 1, 1, 1, 1], [2, 0, 1, 1, 1, 0, 0, 0, 2, 0, 1, 1], [0, 2, 0, 1, 1, 2, 0, 1, 1, 1, 1, 2, 2, 0], [2, 0, 1, 2, 0, 0, 0, 1, 1, 2, 0, 1, 2], [1, 2, 0, 0, 1, 1, 1, 2, 0, 0, 0, 1, 2, 2], [1, 1, 1, 1, 2, 0, 0, 1, 1, 2, 0], [2, 0, 0, 1, 2, 0, 0, 1, 2, 0, 1], [2, 0, 0, 1, 1, 2, 0, 0, 1, 2], [2, 2, 0, 0, 1, 2, 0, 1], [2, 0, 0, 0, 0, 0, 0, 1], [2, 0, 0, 1, 1, 2, 2, 0, 1, 2], [0, 0, 1, 1, 2, 0, 0, 1, 2, 0, 1, 0, 0, 1, 2, 0, 0], [1, 2, 0, 1, 2, 0, 0, 1, 2, 0, 0, 0], [0, 0, 0, 0, 0, 0, 1, 0, 1, 2, 0, 1], [0, 1, 1, 0, 0, 1, 1, 1, 0, 1, 2, 0, 1, 2]], "scores": [[1, 6], [1, 6], [2, 6], [1, 6], [6, 4], [6, 1], [4, 6], [3, 6], [1, 6], [4, 6], [6, 3], [6, 3], [5, 6], [1, 6], [6, 3], [2, 6], [2, 6], [1, 6], [1, 6], [6, 1], [3, 6], [3, 6], [3, 6], [3, 6], [2, 6]], "winner": [1, 1, 1, 1, 0, 0, 1, 1, 1, 1, 0, 0, 1, 1, 0, 1, 1, 1, 1, 0, 1, 1, 1, 1, 1], "ground_truth_matrix": [[0.45316420381834477, 0.5138255618808151, 0.03301023430084023], [0.035537475946093244, 0.47674237488518645, 0.48772014916872036], [0.8943470412425907, 0.0011357781468951055, 0.1045171806105141]], "estimated_matrix": [[0.4700854700854701, 0.48717948717948717, 0.042735042735042736], [0.09523809523809523, 0.41904761904761906, 0.4857142857142857], [0.7536231884057971, 0.057971014492753624, 0.18840579710144928]]}