{"choices": [[0, 1, 0, 0, 2, 1, 0, 2, 2, 0, 1, 2, 1, 0], [1, 2, 1, 0, 2, 1, 0, 1, 2, 2], [0, 2, 2, 2, 1, 0, 1, 0, 1, 0, 1, 0, 1], [0, 1, 0, 1, 0, 0, 1, 2, 1, 0, 1, 0, 0], [0, 1, 0, 1, 2, 1, 0, 2, 2, 1, 0, 2, 1, 0], [0, 1, 0, 1, 0, 2, 2, 2, 1], [0, 1, 0, 1, 0, 0, 1, 2, 0, 1], [2, 2, 1, 0, 1, 0, 2, 1, 0, 2, 2, 1, 0, 1], [2, 1, 0, 2, 1, 2, 1, 0, 0, 1, 0], [1, 2, 1, 0, 1, 0, 2, 2, 0, 1, 0, 1], [0, 1, 0, 2, 2, 2, 1, 0], [1, 0, 1, 2, 2, 2, 2, 1, 0, 1, 2, 1, 2, 1], [1, 2, 1, 0, 2, 2, 1, 0, 1, 0, 1, 0, 2, 2], [1, 2, 1, 0, 1, 0, 1, 2, 2, 1, 0, 1], [1, 0, 1, 0, 1, 2, 2, 2, 1, 0, 1, 0], [0, 2, 0, 2, 2, 1, 0, 1, 2, 2, 0], [2, 1, 0, 1, 2, 0, 0, 1, 2, 1, 2, 2], [1, 0, 2, 0, 0, 1, 0, 2, 1, 2, 0], [0, 1, 2, 1, 2, 0, 1, 2, 1, 2], [1, 0, 1, 2, 1, 0, 0, 1], [0, 0, 0, 1, 0, 0, 0, 1, 0, 1, 0, 2, 0], [1, 0, 0, 1, 0, 0, 1, 0, 1, 2, 2, 2, 2, 1, 2], [1, 0, 0, 1, 0, 1, 0, 1, 0, 1], [1, 0, 1, 0, 1, 2, 0, 1, 2, 2, 0], [0, 1, 2, 1, 0, 1, 2, 2, 1, 0, 1, 0, 1, 0, 2, 1, 0], [0, 1, 0, 1, 0, 1, 2, 2, 1, 2]], "scores": [[6, 4], [1, 6], [6, 5], [4, 6], [1, 6], [3, 6], [3, 6], [2, 6], [2, 6], [0, 6], [5, 6], [4, 6], [6, 4], [4, 6], [6, 2], [3, 6], [3, 6], [6, 4], [1, 6], [6, 5], [6, 5], [3, 6], [6, 3], [3, 6], [6, 2]], "winner": [0, 1, 0, 1, 1, 1, 1, 1, 1, 1, 1, 1, 0, 1, 0, 1, 1, 0, 1, 0, 0, 1, 0, 1, 0], "ground_truth_matrix": [[0.12242644952395382, 0.6542016101274983, 0.22337194034854774], [0.6876671549214036, 0.0014842472507626576, 0.3108485978278338], [0.1696428111336291, 0.6101027717112288, 0.22025441715514202]], "estimated_matrix": [[0.18867924528301888, 0.6132075471698113, 0.19811320754716982], [0.6697247706422018, 0.027522935779816515, 0.30275229357798167], [0.15853658536585366, 0.5, 0.34146341463414637]]}