{"choices": [[2, 2, 0, 2, 2, 2, 0, 1, 0, 1, 2, 2, 0, 0, 1, 0, 0], [1, 2, 0, 1, 2, 2, 0, 0, 1, 0], [1, 0, 1, 1, 0, 0, 1, 1, 1, 1, 1, 1, 0], [0, 1, 1, 0, 1, 1, 2, 0, 1, 1, 1, 0, 1], [1, 2, 2, 0, 1, 1, 0, 1, 1, 0, 1, 0, 1], [2, 0, 0, 1, 1, 0, 1, 1, 0, 0, 1, 1, 1, 0, 0], [2, 0, 0, 0, 0, 0, 0, 1, 0, 1, 0], [0, 0, 0, 1, 1, 1, 1, 2, 2, 2], [0, 1, 0, 1, 1, 0, 1, 1, 0], [1, 1, 1, 2, 2, 0, 1], [0, 1, 0, 0, 1, 1, 0, 0, 1, 1, 0, 0], [0, 0, 1, 1, 1, 1, 0, 0, 1, 1, 0, 1, 1], [1, 0, 1, 1, 0, 0, 1, 0, 0, 0], [1, 0, 1, 1, 0, 0, 0, 0, 0, 1, 0], [0, 1, 1, 0, 1, 0, 0, 0, 0, 1, 0, 0], [1, 1, 1, 2, 2, 2, 0, 1, 2, 0, 1, 1, 1], [2, 0, 0, 1, 0, 1, 0, 1, 1, 1, 1, 1, 1], [1, 0, 0, 1, 0, 1, 1, 1, 2, 0, 1, 1, 1, 0], [1, 2, 0, 1, 0, 1, 1, 1, 1, 1, 1, 1, 2, 0], [1, 1, 1, 1, 1, 1, 0, 0, 2, 2], [0, 2, 2, 2, 2, 2, 2, 0, 1], [0, 1, 0, 1, 2, 0, 1, 1, 2, 0, 1, 1, 1, 1, 2, 2, 2, 0, 1, 1, 0], [2, 2, 2, 2, 0, 2, 2, 2, 2, 0], [1, 1, 0, 0, 0, 0, 0, 0, 1, 0], [0, 1, 2, 0, 1, 1, 1, 1, 1, 0, 1, 1, 1, 0], [2, 2, 2, 2, 2, 2, 0]], "scores": [[2, 6], [0, 6], [5, 6], [3, 6], [6, 2], [6, 3], [6, 1], [1, 6], [0, 6], [6, 4], [1, 6], [2, 6], [3, 6], [6, 3], [2, 6], [2, 6], [2, 6], [0, 6], [2, 6], [3, 6], [6, 4], [4, 6], [2, 6], [3, 6], [1, 6]], "winner": [1, 1, 1, 1, 0, 0, 0, 1, 1, 0, 1, 1, 1, 0, 1, 1, 1, 1, 1, 1, 0, 1, 1, 1, 1], "ground_truth_matrix": [[0.43884010064585666, 0.5330704745105609, 0.02808942484358247], [0.354690615803821, 0.5229385013754076, 0.12237088282077134], [0.6195530052478401, 0.0024659965983328735, 0.377980998153827]], "estimated_matrix": [[0.3739130434782609, 0.5739130434782609, 0.05217391304347826], [0.34782608695652173, 0.5217391304347826, 0.13043478260869565], [0.5, 0.0, 0.5]]}