{"choices": [[1, 2, 2, 2, 2, 2, 2, 2, 2, 2, 0, 1, 0, 2, 2, 2, 2, 2, 2], [1, 0, 1, 1, 0, 1, 0, 2, 2, 1, 2, 2], [1, 0, 1, 2, 2, 2, 2, 1], [1, 1, 2, 2, 2, 2, 1, 1, 2, 1, 2, 1], [1, 0, 1, 0, 1, 0, 0, 2, 2, 2, 2, 1, 0, 2, 1], [0, 1, 0, 2, 2, 1, 0, 1, 2, 2, 1, 2, 2, 2], [2, 2, 2, 2, 1, 2, 2, 1, 1, 0, 2, 2, 2, 2, 2, 2, 1, 2, 2, 2, 2, 2, 2], [2, 2, 2, 1, 2, 1, 1, 0, 2, 2, 2, 1, 0, 1, 2, 2, 2], [1, 0, 1, 1, 2, 2, 2, 1, 2, 2, 2], [1, 2, 2, 2, 1, 0, 0, 1, 2, 2, 2, 2, 2, 1], [2, 2, 1, 2, 2, 1, 2, 2, 1, 0, 1, 0], [1, 2, 1, 1, 0, 2, 2, 2, 2, 2, 1, 2, 2], [0, 1, 0, 2, 2, 2, 1, 0, 2, 2, 2, 2, 2], [0, 0, 2, 2, 2, 2, 1, 2, 2, 1, 0, 1], [2, 1, 0, 1, 0, 2, 2, 2], [2, 2, 2, 2, 1, 2, 2, 2, 2], [0, 1, 1, 1, 0, 1, 0, 2, 2, 2, 2, 1, 2, 2], [0, 2, 2, 2, 2, 1, 0, 2, 2, 1, 0, 2, 2, 2], [1, 1, 0, 2, 2, 1, 1, 1, 1, 2], [2, 2, 2, 2, 2, 1, 1, 0, 0, 2, 2, 2, 2, 2, 1, 1, 1], [1, 2, 2, 2, 2, 2, 2, 2, 1, 0, 2], [2, 1, 2, 2, 1, 0, 1, 0, 1, 0, 1, 0, 1, 2, 2, 2, 1], [1, 0, 2, 2, 2, 1, 2, 2, 2, 2], [1, 0, 0, 2, 1, 0, 1, 1, 2, 2, 2, 2, 2, 2], [1, 0, 2, 2, 2, 2, 2, 2, 1, 0, 1], [2, 2, 2, 1, 0, 2, 2, 2, 2, 2, 2, 2]], "scores": [[2, 6], [2, 6], [6, 2], [6, 4], [4, 6], [5, 6], [5, 6], [3, 6], [2, 6], [3, 6], [4, 6], [3, 6], [3, 6], [1, 6], [2, 6], [3, 6], [5, 6], [3, 6], [4, 6], [2, 6], [6, 5], [3, 6], [2, 6], [2, 6], [2, 6]], "winner": [1, 1, 0, 0, 1, 1, 1, 1, 1, 1, 1, 1, 1, 1, 1, 1, 1, 1, 1, 1, 0, 1, 1, 1, 1], "ground_truth_matrix": [[0.1537141048515344, 0.43008740766139, 0.41619848748707566], [0.5071883238971239, 0.12801865874671653, 0.36479301735615954], [0.014501289776564612, 0.2740091853931797, 0.7114895248302557]], "estimated_matrix": [[0.09803921568627451, 0.47058823529411764, 0.43137254901960786], [0.44086021505376344, 0.22580645161290322, 0.3333333333333333], [0.02702702702702703, 0.2594594594594595, 0.7135135135135136]]}