{"choices": [[1, 2, 2, 0, 0, 0, 0, 1, 2, 2, 0, 2, 0, 1, 2, 2, 0, 0, 1, 2], [2, 0, 0, 0, 2, 0], [1, 1, 2, 0, 0, 0, 0, 1, 2, 0, 0, 2, 2], [1, 2, 2, 0, 0, 0, 1, 1, 2, 0, 1, 2, 2], [1, 2, 0, 0, 0, 0, 0, 1, 1, 2, 0, 0, 0], [1, 2, 0, 0, 0, 0, 0, 0, 0], [1, 1, 1, 2, 0, 2, 0, 0, 1, 2], [2, 0, 2, 0, 1, 2, 0], [2, 0, 2, 0, 0, 2, 2, 2, 0, 1, 2, 0, 0], [0, 0, 0, 2, 0, 1, 2, 0, 0, 2, 2, 2, 0], [0, 2, 0, 2, 2, 2, 0, 1, 2, 0, 1, 2, 0, 2], [1, 2, 0, 0, 1, 2, 2, 0, 0, 0, 1], [0, 0, 2, 0, 2, 0, 2, 0, 0, 0, 1, 2, 2, 0], [2, 1, 2, 0, 2, 0, 0, 0, 2, 0, 1, 2, 2, 0], [0, 2, 2, 0, 0, 0, 0, 0, 2, 0, 1, 2, 0, 1, 2], [1, 2, 0, 0, 2, 0, 2, 0, 1, 2, 0, 2, 0], [1, 2, 0, 0, 1, 2, 2, 0, 2, 0], [2, 2, 0, 0, 1, 2, 2, 0, 1, 2, 0, 2], [2, 0, 2, 0, 2, 0, 0, 2, 2, 0, 0], [2, 0, 0, 1, 2, 0, 2, 0, 0, 0], [0, 0, 2, 0, 2, 2, 0, 2, 0, 1, 2, 0, 1, 2, 2], [1, 2, 0, 2, 2, 0, 2, 2, 0, 0, 1], [1, 2, 0, 2, 0, 1, 2, 0, 0], [1, 2, 0, 0, 2, 0, 0, 0, 2, 0], [2, 0, 1, 1, 2, 2, 2, 0, 2, 0, 0, 2, 0, 0], [1, 2, 2, 0, 0, 0, 0, 0, 2, 2, 0, 0]], "scores": [[0, 6], [2, 6], [6, 5], [3, 6], [1, 6], [3, 6], [1, 6], [6, 2], [5, 6], [4, 6], [3, 6], [4, 6], [5, 6], [5, 6], [2, 6], [3, 6], [5, 6], [3, 6], [2, 6], [3, 6], [6, 1], [2, 6], [1, 6], [4, 6], [3, 6]], "winner": [1, 1, 0, 1, 1, 1, 1, 0, 1, 1, 1, 1, 1, 1, 1, 1, 1, 1, 1, 1, 0, 1, 1, 1, 1], "ground_truth_matrix": [[0.520504973954426, 0.2195776026133584, 0.2599174234322158], [0.0073336239828362, 0.08378559601046627, 0.9088807800066976], [0.8016792413924725, 0.006453289980222277, 0.19186746862730528]], "estimated_matrix": [[0.4460431654676259, 0.2446043165467626, 0.30935251798561153], [0.020833333333333332, 0.14583333333333334, 0.8333333333333334], [0.6875, 0.05357142857142857, 0.25892857142857145]]}