{"choices": [[0, 2, 0, 1, 0, 0, 2, 0, 1, 1, 0, 2, 1], [0, 0, 1, 2, 0, 1, 2, 0, 0], [1, 0, 2, 2, 0, 1, 1, 1, 2, 0, 1, 2, 0, 2], [1, 1, 2, 0, 0, 0, 0, 1, 2, 2, 1, 2, 1, 0], [0, 1, 2, 2, 0, 2, 2, 1, 0, 1], [0, 1, 1, 1, 0, 0, 1, 1, 2, 0, 1, 0, 1, 2], [2, 0, 2, 2, 1, 1, 0, 0, 2, 0, 1, 2, 0, 1, 1], [2, 1, 2, 1, 1, 0, 1, 1, 2, 2, 2, 1, 1, 2], [1, 2, 0, 2, 2, 1, 0, 1, 0, 2, 2, 2], [2, 2, 2, 1, 0, 2, 1, 1, 2, 2, 2, 2, 2, 1], [2, 2, 1, 1, 1, 2, 0, 2, 1, 0, 1, 1, 2, 2], [1, 2, 1, 0, 2, 0, 2, 1, 0, 1, 0, 2, 2], [1, 0, 0, 0, 2, 2, 1, 0, 1, 1, 1, 1], [0, 1, 2, 2, 1, 0, 0, 1, 2, 0, 2, 2, 1, 1, 2, 2], [0, 0, 0, 0, 0, 0, 2, 0], [0, 2, 0, 2, 0, 2, 1, 2, 1, 1, 1, 1, 0, 0, 0, 1, 1], [2, 0, 1, 1, 1, 0, 0, 2, 2, 2, 0, 2], [1, 2, 0, 0, 0, 2, 1, 2, 2, 2, 0, 1, 1, 0, 0], [0, 2, 2, 0, 0, 2, 1, 1, 0, 1, 0, 1, 0, 1, 2, 1, 0, 2, 2, 0, 1, 2, 2, 0], [2, 2, 2, 1, 0, 0, 0, 2, 2, 1, 1, 0, 1, 1, 2, 0, 1], [2, 0, 2, 2, 1, 2, 0, 1, 1, 2, 1, 1, 1, 0, 2, 0, 0], [0, 1, 0, 2, 2, 1, 0, 0, 1, 2, 0], [0, 1, 1, 0, 2, 0, 2, 1, 2, 1, 2, 0, 1, 1], [2, 1, 1, 2, 0, 2, 2, 2, 0, 1, 0, 1, 0, 1], [2, 1, 2, 0, 2, 1, 0, 0, 0, 1, 0, 2, 1, 0, 1, 1, 2], [0, 2, 2, 0, 0, 0, 0, 0, 2, 2, 2, 2, 2, 0, 0, 0]], "scores": [[6, 1], [6, 4], [3, 6], [6, 4], [4, 6], [4, 6], [2, 6], [6, 4], [3, 6], [2, 6], [6, 3], [6, 2], [3, 6], [6, 0], [4, 6], [4, 6], [1, 6], [6, 5], [4, 6], [4, 6], [6, 4], [6, 4], [6, 3], [5, 6], [3, 6]], "winner": [0, 0, 1, 0, 1, 1, 1, 0, 1, 1, 0, 0, 1, 0, 1, 1, 1, 0, 1, 1, 0, 0, 0, 1, 1], "ground_truth_matrix": [[0.3333333333333333, 0.3333333333333333, 0.3333333333333333], [0.3333333333333333, 0.3333333333333333, 0.3333333333333333], [0.3333333333333333, 0.3333333333333333, 0.3333333333333333]], "estimated_matrix": [[0.3008849557522124, 0.37168141592920356, 0.3274336283185841], [0.33613445378151263, 0.31092436974789917, 0.35294117647058826], [0.3247863247863248, 0.3418803418803419, 0.3333333333333333]]}