{"choices": [[0, 2, 1, 0, 2, 0, 2, 2], [1, 0, 2, 1, 2, 1, 2, 1, 2, 1, 1, 2], [2, 1, 2, 1, 0, 2, 2, 1, 2, 1, 1, 2], [2, 1, 2, 1, 2, 1, 1, 2, 0, 0, 2, 0, 2], [1, 1, 1, 0, 0, 0, 2, 1, 2, 1, 2], [0, 2, 1, 2, 1, 0, 2, 2, 0, 2, 1, 2], [1, 2, 1, 2, 1, 0, 2, 0, 0], [2, 0, 2, 1, 2, 1, 2, 0, 1, 2, 1, 2], [2, 1, 0, 1, 1, 1, 0, 0, 0, 1, 2, 1, 2, 1, 2, 1, 1, 2], [2, 1, 1, 0, 1, 1, 2, 1, 0, 2, 0], [2, 1, 2, 1, 2, 0, 2, 1, 2, 1, 2], [2, 0, 2, 1, 0, 2, 2, 1, 2, 1, 2], [2, 1, 0, 2, 1, 0, 2, 1, 2, 0, 2, 1, 0], [2, 1, 2, 2, 1, 0, 2, 1, 2, 2, 1, 1, 2, 1, 2], [0, 0, 2, 1, 0, 2, 1, 0, 2, 1, 2, 1, 1, 2, 1], [2, 0, 2, 1, 0, 2, 1, 2, 0, 2, 1, 2, 0, 2], [1, 2, 2, 0, 2, 2, 1, 1, 1, 2], [1, 0, 2, 0, 0, 2, 1, 1, 0, 2], [2, 1, 0, 2, 1, 1, 2, 1, 1, 2], [0, 2, 1, 2, 1, 0, 2, 1, 2, 0, 2, 0, 2, 0], [0, 2, 1, 2, 0, 2, 1, 2, 1], [2, 2, 1, 2, 1, 2], [2, 2, 1, 0, 2, 0, 2, 1, 0, 2, 1, 1], [0, 2, 1, 2, 1, 2, 1, 1, 2, 1, 1], [2, 0, 2, 1, 0, 1, 0, 2, 1, 2, 1], [1, 2, 2, 1, 0, 2, 1, 2, 1]], "scores": [[6, 3], [2, 6], [2, 6], [2, 6], [3, 6], [2, 6], [5, 6], [4, 6], [3, 6], [4, 6], [3, 6], [6, 3], [5, 6], [3, 6], [3, 6], [1, 6], [3, 6], [1, 6], [4, 6], [2, 6], [0, 6], [1, 6], [6, 4], [2, 6], [1, 6]], "winner": [0, 1, 1, 1, 1, 1, 1, 1, 1, 1, 1, 0, 1, 1, 1, 1, 1, 1, 1, 1, 1, 1, 0, 1, 1], "ground_truth_matrix": [[0.07819547408332006, 0.15647418106735583, 0.765330344849324], [0.2511103963008333, 0.17737728697635288, 0.5715123167228138], [0.1669715003017012, 0.7067609510065915, 0.12626754869170734]], "estimated_matrix": [[0.14516129032258066, 0.08064516129032258, 0.7741935483870968], [0.25961538461538464, 0.19230769230769232, 0.5480769230769231], [0.2032520325203252, 0.6504065040650406, 0.14634146341463414]]}