{"choices": [[1, 2, 0, 2, 1, 2, 0, 0, 2, 0, 2, 1, 0], [0, 2, 1, 2, 0, 0, 2, 0], [1, 0, 0, 2, 2, 0, 2, 1, 1, 2, 2, 1, 0], [2, 0, 2, 0, 2, 0, 2, 1, 2, 0], [0, 2, 2, 0, 2, 0, 2, 0, 2, 0, 1, 2, 2, 0], [0, 2, 0, 1, 2, 0, 0, 2, 0, 2], [0, 2, 0, 2, 0, 0, 2, 1, 0, 2], [1, 0, 2, 0, 1, 2, 1, 2, 0, 2, 2, 1, 0, 2, 2, 1, 1, 0, 2, 0], [2, 2, 2, 0, 2, 1, 2, 2, 0, 2], [2, 0, 0, 2, 1, 2, 1, 2, 2, 0, 1, 2, 2], [2, 0, 2, 2, 2, 2, 0, 2, 2, 0, 2, 2, 0, 2], [2, 0, 2, 1, 0, 2, 2, 1, 2, 0, 2, 0], [1, 0, 2, 0, 2, 0, 2, 0, 0, 2], [0, 2, 0, 2, 0, 2, 0], [0, 1, 0, 2, 0, 2, 2, 0, 1, 1, 0, 0, 2, 1], [2, 0, 1, 2, 0, 2, 2, 2], [0, 2, 1, 1, 0, 0, 2, 0, 2, 0, 0, 2, 0, 1, 2, 0], [1, 0, 2, 0, 2, 0, 2, 0, 1, 2], [1, 0, 2, 0, 2, 0, 2], [2, 0, 2, 2, 2, 0, 2, 1, 2, 0, 2, 1, 2, 0, 1, 2, 0, 2, 0, 2], [0, 2, 1, 2, 0, 0, 2, 0, 1, 0, 2, 0], [0, 1, 1, 2, 0, 2, 2, 1, 2, 2, 2, 1, 2], [1, 1, 1, 0, 2, 1, 2, 2, 1, 2, 1, 2, 2, 0, 2, 0], [1, 2, 0, 2, 2, 2, 0], [0, 2, 0, 2, 1, 2, 1, 0, 1, 0, 2, 2], [0, 1, 1, 2, 0, 2, 1, 2, 0, 1, 0, 2, 0]], "scores": [[1, 6], [2, 6], [2, 6], [4, 6], [2, 6], [3, 6], [5, 6], [1, 6], [4, 6], [6, 4], [4, 6], [3, 6], [1, 6], [2, 6], [6, 1], [6, 5], [1, 6], [0, 6], [4, 6], [3, 6], [3, 6], [6, 5], [6, 1], [6, 1], [2, 6]], "winner": [1, 1, 1, 1, 1, 1, 1, 1, 1, 0, 1, 1, 1, 1, 0, 0, 1, 1, 1, 1, 1, 0, 0, 0, 1], "ground_truth_matrix": [[0.08930649277073525, 0.2113890122194043, 0.6993044950098604], [0.3880534924439707, 0.20577217355083974, 0.40617433400518965], [0.5473858787755758, 0.21573000084037908, 0.23688412038404527]], "estimated_matrix": [[0.1588785046728972, 0.1588785046728972, 0.6822429906542056], [0.32727272727272727, 0.12727272727272726, 0.5454545454545454], [0.5294117647058824, 0.22058823529411764, 0.25]]}