{"choices": [[2, 2, 2, 2, 0, 0, 0, 2, 2, 0, 0, 0], [2, 0, 0, 2, 2, 0, 2, 2, 0, 0, 0], [0, 2, 0, 0, 0, 0, 0, 0, 0, 0], [1, 1, 0, 2, 0, 0, 0, 0], [0, 0, 0, 0, 0, 0, 2, 2, 2, 0, 2, 2, 2, 2], [1, 0, 0, 0, 0, 0, 0, 0], [2, 2, 2, 0, 0, 0, 0, 0, 0, 0, 0, 0, 0], [2, 1, 0, 0, 0, 2, 0, 1, 1, 0, 0], [0, 0, 0, 0, 2, 2, 0, 0, 0, 0], [1, 0, 0, 0, 0, 0, 0], [1, 0, 0, 0, 0, 0, 0], [2, 2, 2, 0, 0, 0, 2, 2, 0, 0, 0], [2, 2, 2, 2, 2, 2, 0, 0, 0], [0, 0, 2, 1, 0, 0, 0, 2, 0, 0], [2, 1, 1, 0, 0, 0, 0], [2, 0, 0, 0, 0, 0, 0, 0, 0], [0, 0, 2, 2, 2, 2, 1, 0, 0], [1, 0, 0, 0, 2, 1, 0, 0, 1, 0], [1, 0, 0, 0, 2, 2, 1, 0, 0], [0, 0, 0, 0, 0, 0, 2], [1, 1, 0, 0, 0, 0, 0, 0, 0], [0, 0, 0, 0, 0, 0, 0, 0], [1, 0, 0, 0, 0, 0, 2, 2, 0, 2, 2], [1, 1, 0, 0, 0, 0, 0, 0, 0, 0], [1, 0, 2, 2, 0, 0, 0, 0, 2, 1, 0, 0], [1, 0, 0, 0, 0, 0, 0, 0]], "scores": [[3, 6], [0, 6], [1, 6], [6, 5], [1, 6], [2, 6], [2, 6], [1, 6], [0, 6], [1, 6], [1, 6], [3, 6], [2, 6], [0, 6], [0, 6], [3, 6], [2, 6], [2, 6], [0, 6], [1, 6], [1, 6], [2, 6], [0, 6], [3, 6], [0, 6]], "winner": [1, 1, 1, 0, 1, 1, 1, 1, 1, 1, 1, 1, 1, 1, 1, 1, 1, 1, 1, 1, 1, 1, 1, 1, 1], "ground_truth_matrix": [[0.8356206125315815, 0.013188406746000912, 0.15119098072241766], [0.6856191884519349, 0.3142626885235687, 0.0001181230244964626], [0.344198789761298, 0.051001677411147674, 0.6047995328275544]], "estimated_matrix": [[0.775, 0.05625, 0.16875], [0.7916666666666666, 0.20833333333333334, 0.0], [0.3157894736842105, 0.17543859649122806, 0.5087719298245614]]}