{"choices": [[1, 2, 2, 0, 2, 1, 2, 0, 0, 0, 2, 0, 2], [2, 1, 2, 0, 2, 0, 1, 2, 1, 2], [0, 1, 0, 0, 1, 0, 2, 0, 1, 2, 1], [1, 0, 2, 0, 2, 1, 0, 1, 2, 0, 2], [2, 0, 1, 1, 0, 0, 2, 2, 1], [1, 2, 2, 2, 1, 0, 2, 0, 2, 1, 0, 1, 2, 0, 1], [1, 0, 2, 0, 1, 2, 0, 2, 1, 1, 2, 0, 2, 0, 2, 0, 2, 0], [1, 2, 1, 0, 0, 2, 0, 0, 2, 2, 2, 1, 0, 1, 0, 1, 0], [1, 0, 0, 2, 1, 0, 2, 0, 1, 0, 1, 2, 1, 1, 0], [0, 2, 1, 2, 1, 0, 1, 1, 2, 2, 0, 2, 0], [2, 2, 2, 2, 1, 2, 1, 0, 0, 1, 2, 2, 0], [1, 1, 1, 0, 2, 1, 2, 0, 2, 0, 2, 1, 1, 2, 0, 1, 0, 0], [0, 2, 1, 1, 1, 1, 2, 0, 1, 2, 0], [1, 2, 2, 0, 0, 0, 0, 2, 0, 0, 0, 0], [0, 0, 2, 0, 1, 0, 2, 1, 2, 0, 0, 2, 0, 2, 0, 2, 2], [2, 0, 0, 0, 0, 2, 0, 1, 0, 0, 0, 0, 0, 1, 1], [0, 0, 2, 0, 2, 1, 0, 2, 1, 1, 1, 2, 0, 0, 1], [0, 1, 1, 2, 1, 2, 1, 0, 2, 1], [2, 0, 0, 0, 2, 1, 0, 1, 0, 0, 2, 0, 0], [0, 1, 2, 0, 0, 1, 2, 2, 1, 0, 0, 2, 1, 1, 2, 0, 0, 2], [1, 0, 2, 0, 1, 1, 0, 2, 1, 0, 1, 1, 0, 1, 0, 2, 1, 1, 0, 0, 0, 0, 0, 0], [1, 1, 0, 2, 2, 1, 1, 1, 0, 0, 2, 1, 2, 0, 2, 0, 2, 1, 2], [1, 2, 0, 0, 0, 2, 0, 1, 0, 2], [2, 0, 1, 0, 0, 0, 2, 0, 0, 2], [2, 0, 0, 0, 2, 2, 1, 0, 1, 1, 2, 2, 0, 1, 1, 0], [0, 2, 0, 0, 0, 2, 2, 0, 0, 0, 0, 2, 0, 0, 2, 1, 0]], "scores": [[2, 6], [6, 2], [2, 6], [1, 6], [4, 6], [4, 6], [6, 4], [2, 6], [4, 6], [6, 3], [6, 4], [6, 5], [6, 2], [6, 5], [6, 4], [6, 5], [3, 6], [3, 6], [6, 5], [6, 3], [6, 4], [1, 6], [1, 6], [6, 4], [6, 4]], "winner": [1, 0, 1, 1, 1, 1, 0, 1, 1, 0, 0, 0, 0, 0, 0, 0, 1, 1, 0, 0, 0, 1, 1, 0, 0], "ground_truth_matrix": [[0.38429624468481793, 0.2471904338226063, 0.36851332149257576], [0.3592027967869801, 0.20331113312974622, 0.43748607008327367], [0.467085608590182, 0.33395976190245674, 0.1989546295073612]], "estimated_matrix": [[0.3546099290780142, 0.2624113475177305, 0.3829787234042553], [0.40594059405940597, 0.25742574257425743, 0.33663366336633666], [0.4636363636363636, 0.33636363636363636, 0.2]]}