{"choices": [[2, 1, 1, 1, 1, 1, 2, 1, 2], [0, 0, 1, 1, 2, 0, 1, 2, 1, 2, 1, 2, 1, 2, 2, 1, 1, 2, 1], [1, 2, 2, 1, 2, 0, 1, 1, 1, 1], [1, 2, 1, 1, 1, 2, 1, 2, 1, 2, 1, 1, 2, 1], [2, 1, 2, 1, 2, 0, 1, 2, 1, 1], [2, 1, 1, 2, 1, 2, 1, 1, 1, 1, 1], [2, 1, 1, 1, 2, 1, 2, 1, 1, 2, 1, 2, 1, 1], [0, 2, 1, 2, 1, 1, 1, 2, 0, 0, 1, 1, 1, 1], [0, 1, 2, 1, 1, 2, 1, 2], [1, 1, 2, 1, 2, 0, 0, 1, 1, 1, 1, 1, 2, 0], [0, 0, 1, 2, 2, 2, 1, 2, 2, 1], [1, 1, 2, 1, 1, 2, 1, 2, 1, 1, 2, 1, 1, 2, 1, 1, 1, 2, 1], [0, 1, 2, 2, 0, 1, 1, 1, 2, 1, 2], [0, 1, 1, 1, 1, 1, 1, 1, 1, 2], [0, 1, 2, 1, 1, 1, 1, 2, 2, 1, 2, 1, 2, 1, 1, 1], [2, 1, 1, 2, 2, 1, 2, 0, 0, 1, 2, 2, 1], [0, 1, 1, 2, 1, 2, 2, 1, 1, 2], [2, 0, 1, 1, 2, 1, 1, 2, 2, 1, 1, 2, 1, 1, 1], [1, 2, 2, 1, 2, 2, 1, 2, 2, 1], [0, 1, 1, 1, 1, 1, 2, 1], [2, 0, 1, 1, 2, 1, 2, 1, 2, 1, 2, 1], [0, 0, 0, 1, 1, 2, 0, 1, 1, 1], [0, 2, 1, 1, 2, 1, 1], [1, 1, 1, 2, 1, 2, 0, 1, 2, 1, 1, 2], [2, 1, 2, 1, 2, 2, 1, 1, 2, 2, 1, 2, 1], [1, 1, 2, 1, 2, 1, 2, 1, 1, 2]], "scores": [[3, 6], [6, 0], [5, 6], [1, 6], [4, 6], [6, 5], [4, 6], [1, 6], [6, 5], [1, 6], [4, 6], [1, 6], [3, 6], [1, 6], [3, 6], [2, 6], [5, 6], [0, 6], [1, 6], [4, 6], [3, 6], [0, 6], [5, 6], [3, 6], [2, 6]], "winner": [1, 0, 1, 1, 1, 0, 1, 1, 0, 1, 1, 1, 1, 1, 1, 1, 1, 1, 1, 1, 1, 1, 1, 1, 1], "ground_truth_matrix": [[0.2472001247535051, 0.7121661335475441, 0.04063374169895075], [0.0002467039531075503, 0.5111305961854908, 0.4886226998614017], [0.1203908925243845, 0.7066039751097037, 0.1730051323659117]], "estimated_matrix": [[0.26666666666666666, 0.6666666666666666, 0.06666666666666667], [0.041916167664670656, 0.47904191616766467, 0.47904191616766467], [0.1485148514851485, 0.6732673267326733, 0.1782178217821782]]}