{"choices": [[0, 2, 2, 1, 0, 2, 2, 1, 2, 1, 2, 2, 1, 0], [1, 2, 1, 0, 2, 2, 2, 2, 2, 1, 2, 2, 1, 2, 1, 2], [1, 2, 2, 1, 0, 2, 2, 2, 1], [1, 0, 1, 0, 1, 0, 2, 2, 2, 2, 2, 2, 2, 2, 2], [1, 2, 1, 0, 2, 2, 2, 2, 1], [1, 0, 2, 2, 2, 2, 2, 2, 2, 2], [2, 2, 2, 1, 0, 2, 2, 2], [1, 0, 2, 2, 2, 2, 2, 1, 2, 2], [0, 1, 2, 2, 2, 1, 2, 2, 2, 1, 0, 1, 0], [0, 2, 2, 1, 0, 2, 2, 2, 2, 2], [1, 2, 2, 1, 2, 2, 2, 2, 1, 2, 2], [2, 2, 2, 2, 1, 0, 2, 1, 2, 2, 2, 2], [1, 2, 2, 2, 2, 2, 2, 2, 2, 1], [1, 2, 2, 2, 1, 0, 2, 1, 2], [2, 2, 2, 2, 2, 1, 2, 2, 2, 2, 2, 1, 0], [0, 1, 0, 1, 0, 2, 2, 2, 2, 1, 2, 2], [2, 2, 2, 2, 2, 1, 1, 2, 2, 2, 1, 2, 2, 2, 2], [1, 2, 1, 2, 2, 2, 2], [1, 0, 2, 2, 1, 2, 1, 2, 1, 2, 2, 1], [1, 2, 2, 2, 2, 2, 2, 2, 1, 2, 2], [0, 2, 2, 2, 2, 1, 0, 2], [2, 2, 2, 2, 1, 2, 2, 2], [0, 2, 1, 1, 0, 2, 2, 2, 1, 0, 2, 1, 2, 1, 2, 1], [1, 2, 2, 1, 2, 2, 2, 2, 2], [0, 2, 2, 2, 2, 2, 2, 2, 2, 1, 0, 2, 2, 2], [0, 2, 2, 2, 2, 2, 2, 2, 2, 2, 1, 2, 1, 2]], "scores": [[6, 5], [0, 6], [2, 6], [2, 6], [1, 6], [0, 6], [1, 6], [5, 6], [1, 6], [1, 6], [3, 6], [2, 6], [2, 6], [3, 6], [2, 6], [3, 6], [1, 6], [6, 2], [2, 6], [0, 6], [2, 6], [6, 5], [2, 6], [3, 6], [2, 6]], "winner": [0, 1, 1, 1, 1, 1, 1, 1, 1, 1, 1, 1, 1, 1, 1, 1, 1, 0, 1, 1, 1, 0, 1, 1, 1], "ground_truth_matrix": [[0.004010770963968866, 0.281925269310664, 0.7140639597253672], [0.32046658606440726, 0.05688724121199515, 0.6226461727235976], [0.000817974410768397, 0.2740410256486873, 0.7251409999405443]], "estimated_matrix": [[0.06451612903225806, 0.22580645161290322, 0.7096774193548387], [0.36923076923076925, 0.1076923076923077, 0.5230769230769231], [0.021739130434782608, 0.27717391304347827, 0.7010869565217391]]}