{"choices": [[0, 2, 0, 2, 0, 2, 0, 2, 2, 0, 2, 0, 2, 0, 2], [2, 2, 1, 2, 0, 2, 2, 2, 0, 2, 0, 2], [2, 0, 2, 0, 2, 2, 0, 2, 2, 2, 0], [2, 1, 0, 0, 2, 2, 2, 1, 2, 1, 2, 0, 2, 0, 2, 0], [1, 2, 0, 0, 2, 2, 1, 1, 2, 2, 0], [0, 2, 0, 0, 2, 1, 1, 0, 2, 2, 2, 0, 2], [2, 0, 2, 1, 0, 2, 2, 2, 0, 2, 2, 2, 2], [1, 0, 2, 2, 2, 2], [2, 1, 1, 2, 0, 2, 0, 2, 0, 2, 0, 2], [0, 2, 0, 2, 2, 2, 1, 1, 0, 2], [0, 2, 2, 1, 2, 2, 0, 2, 2, 0, 2], [1, 1, 0, 2, 0, 2, 1, 1, 1, 1, 2, 1, 0, 2, 0, 2, 2, 2], [1, 1, 2, 0, 2, 2, 1, 2], [2, 0, 2, 0, 2, 2, 0, 2, 2, 2, 0, 2, 2, 2, 0], [0, 2, 0, 2, 2, 2, 0, 2, 0, 2], [0, 2, 0, 2, 0, 2, 0, 2, 2, 0, 2, 0], [2, 0, 2, 1, 2, 2, 2, 0, 2, 2, 2, 2, 2, 2], [2, 0, 2, 1, 2, 0, 2, 2, 2], [0, 2, 2, 0, 2, 0, 2, 1, 1, 1, 0, 2, 1], [2, 0, 2, 2, 0, 2, 2, 2, 2, 2, 0, 2], [0, 2, 2, 2, 0, 2, 2, 1, 1, 1], [1, 1, 0, 2, 0, 2, 0, 2, 2, 0, 2], [1, 2, 2, 2, 1, 1, 0, 2, 2, 0, 2, 0, 2], [0, 2, 2, 0, 2, 2, 0, 2, 0, 2, 0, 2], [1, 2, 0, 2, 1, 1, 1, 1, 1, 0, 2, 0], [0, 2, 2, 2, 2, 0, 2]], "scores": [[3, 6], [2, 6], [4, 6], [1, 6], [3, 6], [5, 6], [0, 6], [3, 6], [2, 6], [2, 6], [6, 4], [1, 6], [4, 6], [3, 6], [3, 6], [3, 6], [2, 6], [6, 5], [2, 6], [2, 6], [3, 6], [5, 6], [3, 6], [4, 6], [1, 6]], "winner": [1, 1, 1, 1, 1, 1, 1, 1, 1, 1, 0, 1, 1, 1, 1, 1, 1, 0, 1, 1, 1, 1, 1, 1, 1], "ground_truth_matrix": [[0.030726261930183532, 0.03368715580045641, 0.9355865822693601], [0.1085869935563894, 0.5473750429167377, 0.34403796352687294], [0.46925498707507246, 0.16473338613000021, 0.36601162679492727]], "estimated_matrix": [[0.056818181818181816, 0.011363636363636364, 0.9318181818181818], [0.2391304347826087, 0.43478260869565216, 0.32608695652173914], [0.43902439024390244, 0.1524390243902439, 0.40853658536585363]]}