{"choices": [[2, 0, 1, 2, 0, 1, 0, 1, 1, 2, 0, 0, 0, 1, 1, 0, 1], [2, 0, 1, 1, 1, 2, 0, 1], [2, 0, 1, 0, 2, 0, 1, 1], [0, 0, 1, 1, 1, 0, 0, 1, 0, 1, 1], [1, 2, 0, 2, 0, 2, 0, 0, 1, 2, 0], [0, 0, 1, 1, 1, 0, 1, 1, 1, 1, 1, 1, 1, 0], [2, 0, 0, 1, 0, 1, 1, 0, 1, 0, 0, 1], [2, 2, 2, 0, 1, 2, 0, 1, 1, 1, 1, 1, 1, 1, 0, 1], [2, 0, 1, 1, 1, 0, 1, 1, 0], [2, 0, 1, 0, 1, 1, 1, 1, 1, 1, 0], [0, 0, 1, 0, 1, 2, 0, 0, 1, 1, 1], [1, 2, 0, 1, 2, 0, 0, 2, 0, 1, 1, 1, 0, 1, 2, 0], [2, 0, 1, 1, 1, 1, 1, 0, 0, 1], [0, 1, 2, 0, 1, 1, 2, 0, 1], [2, 0, 0, 0, 1, 2, 0], [0, 1, 1, 0, 1, 0, 0, 0, 0, 1, 0, 1, 1], [0, 1, 1, 1, 2, 0, 1, 1, 1], [2, 0, 0, 0, 1, 1, 1, 1, 1, 0, 1, 1], [2, 0, 0, 0, 1, 1, 0, 1, 1, 1], [2, 0, 1, 1, 1, 1, 1, 2], [2, 0, 1, 1, 1, 1, 2, 0, 1, 1, 1, 0, 1, 0, 1, 2, 0], [2, 2, 0, 1, 0, 1, 1, 1, 1, 2, 2, 0, 0, 0, 1, 1, 2, 0, 1], [2, 0, 1, 0, 0, 1, 2, 0], [2, 2, 0, 1, 0, 1, 1, 0, 0, 1, 1, 1, 1, 1], [2, 0, 1, 2, 0, 1, 1, 1, 2, 0, 1, 0, 1, 1], [2, 0, 1, 1, 2, 0, 1, 0, 1, 2, 0]], "scores": [[1, 6], [0, 6], [6, 1], [4, 6], [6, 4], [3, 6], [4, 6], [0, 6], [1, 6], [3, 6], [5, 6], [3, 6], [1, 6], [1, 6], [5, 6], [3, 6], [6, 4], [2, 6], [1, 6], [4, 6], [5, 6], [1, 6], [6, 5], [2, 6], [1, 6]], "winner": [1, 1, 0, 1, 0, 1, 1, 1, 1, 1, 1, 1, 1, 1, 1, 1, 0, 1, 1, 1, 1, 1, 0, 1, 1], "ground_truth_matrix": [[0.2849261737112031, 0.6631021557729001, 0.05197167051589671], [0.21185279034099846, 0.6391644620965298, 0.14898274756247165], [0.8121847750915127, 0.0043003307772370505, 0.18351489413125016]], "estimated_matrix": [[0.27184466019417475, 0.6407766990291263, 0.08737864077669903], [0.2323943661971831, 0.5422535211267606, 0.22535211267605634], [0.875, 0.0, 0.125]]}