{"choices": [[0, 2, 0, 1, 0, 1, 2, 2, 1, 0, 0, 2, 1], [1, 1, 1, 0, 1, 1, 1, 2, 1, 2], [2, 0, 2, 2, 2, 1, 0, 1, 2, 2, 0, 2, 0, 2, 1, 1], [0, 0, 1, 1, 2, 2, 0, 2, 1, 2, 1], [2, 1, 1, 2, 2, 2, 2, 2, 1, 2, 2, 1, 2], [0, 2, 2, 1, 1, 2, 2, 1, 0, 2, 2, 0, 2], [0, 2, 2, 2, 1, 2, 2, 2, 0, 1], [0, 1, 2, 1, 2, 1, 0, 2, 0, 1, 0, 0, 2, 1], [1, 0, 0, 1, 2, 1, 1, 1, 2], [2, 1, 2, 0, 2, 0, 0, 2, 1, 2, 0, 0, 1, 0, 0, 1], [2, 0, 0, 2, 0, 2, 1, 1, 2, 0, 2, 1, 2, 0, 1, 0], [0, 2, 0, 2, 1, 1, 0, 0, 1, 0, 1, 1, 2], [2, 1, 2, 0, 2, 2, 1, 1, 2, 2, 0, 1, 0, 0, 1, 1], [1, 0, 2, 2, 1, 0, 2, 1, 1, 1, 0, 0, 2], [2, 2, 1, 1, 1, 0, 2, 1, 0, 0, 2, 1, 2], [0, 1, 0, 2, 0, 0, 1, 2, 2, 1, 0, 1, 2, 1, 1, 1, 1, 1, 2, 2, 0], [0, 2, 1, 2, 0, 1, 0, 2, 1, 2, 1, 0, 1, 1, 2, 2, 2, 2, 1, 2, 0, 1, 0, 0], [1, 2, 0, 1, 1, 2, 0, 1, 2, 1], [2, 0, 1, 2, 0, 0, 2, 1, 1, 0, 2, 2], [2, 2, 0, 0, 2, 0, 2, 2, 0, 2, 2, 2, 1, 1, 0, 2, 0, 1], [1, 0, 1, 1, 2, 0, 2, 1, 1, 1, 2, 1, 2, 0], [0, 0, 1, 0, 0, 2, 1, 1, 2, 0, 0, 2, 2, 2], [0, 0, 2, 1, 1, 1, 2, 0, 0, 0, 1, 0, 0, 0, 0, 0, 0, 0, 1, 2, 2], [0, 0, 2, 2, 2, 0, 1, 2, 2, 0, 2, 2, 1, 1], [1, 2, 2, 2, 0, 2, 0, 0, 1, 2, 2, 2, 1, 2, 2, 1, 1, 0, 1, 0, 1], [0, 1, 2, 0, 2, 0, 0, 0, 0, 2, 1, 1, 0, 2, 1, 1]], "scores": [[6, 2], [5, 6], [6, 2], [6, 3], [3, 6], [2, 6], [6, 4], [6, 1], [5, 6], [6, 3], [6, 4], [6, 1], [5, 6], [6, 5], [6, 5], [4, 6], [2, 6], [6, 3], [6, 5], [6, 1], [1, 6], [3, 6], [6, 4], [6, 5], [3, 6]], "winner": [0, 1, 0, 0, 1, 1, 0, 0, 1, 0, 0, 0, 1, 0, 0, 1, 1, 0, 0, 0, 1, 1, 0, 0, 1], "ground_truth_matrix": [[0.3333333333333333, 0.3333333333333333, 0.3333333333333333], [0.3333333333333333, 0.3333333333333333, 0.3333333333333333], [0.3333333333333333, 0.3333333333333333, 0.3333333333333333]], "estimated_matrix": [[0.30275229357798167, 0.3211009174311927, 0.3761467889908257], [0.2689075630252101, 0.33613445378151263, 0.3949579831932773], [0.3161764705882353, 0.33088235294117646, 0.35294117647058826]]}