{"choices": [[1, 1, 1, 1, 1, 1, 1, 1, 1, 1], [1, 1, 1, 1, 1, 1, 1], [0, 2, 2, 2, 2, 2, 2, 2, 2, 2, 2, 2, 1, 1, 1], [0, 2, 2, 2, 2, 2, 1, 1], [1, 1, 1, 1, 1, 1], [2, 2, 2, 2, 2, 2, 2], [1, 1, 1, 1, 2, 2, 2, 2], [2, 2, 2, 2, 2, 2, 2], [2, 2, 2, 2, 1, 1, 1, 1, 1, 1, 1], [1, 1, 1, 1, 1, 1, 1], [2, 2, 2, 2, 2, 1, 1, 1], [0, 2, 2, 2, 2, 2, 2, 2], [0, 2, 2, 2, 2, 1, 1, 2, 1, 1], [2, 2, 2, 2, 2, 2, 2], [2, 2, 2, 2, 2, 2, 2, 2], [0, 2, 2, 2, 2, 2, 1, 1], [2, 2, 2, 2, 2, 2], [2, 2, 2, 2, 2, 0, 2, 2, 1, 2, 2], [1, 1, 1, 1, 1, 0, 2, 2, 2, 2, 2], [2, 2, 2, 1, 1, 1, 1], [1, 1, 0, 2, 2, 2, 2, 2, 2], [2, 2, 2, 2, 2, 2, 2, 2], [2, 2, 2, 2, 2, 2, 0, 2], [0, 0, 2, 2, 2, 2, 2, 2, 2], [1, 1, 2, 1, 1, 1, 1, 1, 1], [2, 2, 2, 2, 2, 2, 2]], "scores": [[1, 6], [2, 6], [1, 6], [0, 6], [1, 6], [0, 6], [0, 6], [3, 6], [0, 6], [1, 6], [1, 6], [2, 6], [1, 6], [2, 6], [2, 6], [0, 6], [1, 6], [2, 6], [1, 6], [3, 6], [1, 6], [2, 6], [0, 6], [2, 6], [0, 6]], "winner": [1, 1, 1, 1, 1, 1, 1, 1, 1, 1, 1, 1, 1, 1, 1, 1, 1, 1, 1, 1, 1, 1, 1, 1, 1], "ground_truth_matrix": [[0.022527801240272243, 0.2624463731574329, 0.715025825602295], [0.015709909350478283, 0.8653071446050626, 0.11898294604445912], [0.01455565645389357, 0.07571149889283901, 0.9097328446532674]], "estimated_matrix": [[0.09090909090909091, 0.0, 0.9090909090909091], [0.06756756756756757, 0.8243243243243243, 0.10810810810810811], [0.03937007874015748, 0.10236220472440945, 0.8582677165354331]]}