{"choices": [[0, 2, 2, 2, 1, 1, 0, 2, 2, 1, 0, 2, 1, 0], [2, 1, 1, 0, 0, 2, 2, 2, 2, 2, 2, 2, 2, 2], [2, 2, 1, 0, 0, 2, 2, 2, 2], [0, 1, 1, 0, 2, 2, 1, 0, 0, 2], [2, 2, 2, 2, 2, 2, 2, 2], [2, 2, 1, 1, 1, 1, 1, 1, 1, 0, 0, 0, 2, 2, 1, 1, 1, 1, 1, 1, 1, 1, 1, 0], [0, 0, 0, 2, 2, 1, 1, 1, 1, 0, 2, 2, 2, 2, 2, 1, 1], [0, 2, 1, 0, 2, 2, 2, 2, 1, 1, 1, 1], [0, 2, 2, 2, 2, 2, 2, 2, 0, 2, 2], [1, 0, 0, 2, 2, 2, 1, 1, 1, 1, 0, 2], [0, 2, 2, 2, 2, 0, 0, 2, 2, 2, 2, 2], [0, 0, 2, 2, 2, 1, 1, 0, 0, 2], [1, 1, 0, 2, 0, 1, 1, 1, 1, 0, 2, 2, 2], [1, 1, 1, 0, 0, 0, 1, 0, 2, 2, 2, 2, 1], [0, 0, 2, 2, 2, 2, 2, 2, 0, 0, 0, 0, 2, 2, 2, 2], [2, 1, 0, 1, 1, 0, 2, 2, 1, 1, 1, 1], [2, 2, 1, 1, 1, 0, 2, 2, 2, 2, 1, 1, 1], [1, 0, 2, 2, 1, 1, 0, 2, 2, 2, 2], [0, 2, 1, 0, 2, 2, 2, 2, 2, 2, 1, 1], [1, 1, 0, 2, 1, 1], [1, 1, 0, 0, 0, 0, 0, 2, 2, 2, 2], [2, 2, 2, 2, 2, 2, 2, 2], [1, 0, 2, 2, 2, 2, 2, 2, 2], [2, 1, 1, 0, 1, 0, 1, 0, 2, 2, 2, 2, 2, 2], [0, 2, 2, 2, 0, 2, 2, 1, 1, 1, 1], [1, 1, 0, 2, 2, 2, 2, 2]], "scores": [[2, 6], [1, 6], [2, 6], [0, 6], [4, 6], [4, 6], [4, 6], [2, 6], [4, 6], [4, 6], [2, 6], [2, 6], [3, 6], [5, 6], [4, 6], [4, 6], [3, 6], [4, 6], [0, 6], [3, 6], [1, 6], [1, 6], [2, 6], [2, 6], [2, 6]], "winner": [1, 1, 1, 1, 1, 1, 1, 1, 1, 1, 1, 1, 1, 1, 1, 1, 1, 1, 1, 1, 1, 1, 1, 1, 1], "ground_truth_matrix": [[0.3753540938724026, 0.11800349891036663, 0.5066424072172309], [0.3175794914649575, 0.6793462795291734, 0.00307422900586912], [0.027969672702780727, 0.19176131973791846, 0.7802690075593008]], "estimated_matrix": [[0.3333333333333333, 0.09090909090909091, 0.5757575757575758], [0.375, 0.6136363636363636, 0.011363636363636364], [0.06802721088435375, 0.19727891156462585, 0.7346938775510204]]}