{"choices": [[0, 1, 2, 2, 0, 0, 0, 0, 1, 1, 0, 0, 2, 0, 1, 0, 2, 0], [0, 2, 2, 2, 1, 2, 1, 1, 1, 0, 2, 0, 1, 2, 2, 0, 0, 2], [2, 2, 2, 2, 2, 0, 0, 1, 2, 2], [0, 2, 0, 0, 0, 1, 0, 1, 1, 1, 0], [0, 0, 2, 2, 0, 0, 2, 1, 0, 2, 2, 0, 1, 0, 2], [2, 0, 0, 1, 0, 0, 2, 2, 1, 1, 2, 0, 2], [1, 0, 1, 0, 0, 1, 2, 2, 2, 1, 1, 0, 0, 2], [2, 1, 2, 2, 1, 1, 2, 1, 0, 1, 0, 0, 1, 0, 1, 2, 0, 2, 2, 1], [2, 2, 1, 0, 0, 1, 2, 1, 0, 2, 2, 2], [2, 0, 1, 0, 2, 0, 1, 1, 1, 0, 1, 1, 2], [0, 0, 2, 0, 1, 2, 2, 0, 1, 1, 2, 0, 2, 1, 2, 1, 1, 2], [0, 2, 0, 2, 2, 1, 1, 1, 1, 0, 0, 1, 1, 0, 1, 0, 0], [1, 2, 2, 1, 0, 1, 2, 0, 1, 2, 1, 2, 1], [2, 2, 2, 1, 1, 1, 1, 2, 1], [1, 1, 1, 0, 0, 1, 0, 2, 0, 1, 1, 0, 1, 2, 1], [1, 2, 2, 1, 0, 1, 0, 1, 0, 0, 2], [0, 1, 1, 2, 0, 2, 1, 0, 1, 1, 0, 1, 0, 1, 0, 0, 2, 0], [2, 0, 2, 0, 2, 0, 0, 2, 1, 0, 0, 0, 1, 1, 2, 2, 1, 1, 2, 2, 2], [1, 2, 2, 1, 2, 2, 0, 0, 1, 2, 0, 1, 2, 2, 0, 0, 0, 2], [0, 0, 1, 1, 2, 1, 1, 0, 0, 1, 2, 0, 2], [1, 1, 0, 2, 0, 0, 0, 2, 0, 0, 1, 0, 2, 0, 2], [0, 1, 1, 0, 2, 1, 2, 0, 2, 2, 1, 2, 1], [1, 2, 0, 0, 2, 0, 2, 1, 2, 2, 2, 1, 0, 1], [2, 1, 1, 1, 2, 1, 2, 1, 1, 1, 0, 2], [2, 2, 2, 0, 1, 1, 0, 0, 0, 0, 0], [0, 1, 2, 0, 2, 2, 0, 2, 1, 1, 1]], "scores": [[6, 5], [0, 6], [4, 6], [6, 4], [4, 6], [4, 6], [5, 6], [6, 4], [2, 6], [6, 3], [6, 4], [6, 5], [2, 6], [6, 3], [1, 6], [5, 6], [6, 3], [5, 6], [6, 4], [4, 6], [2, 6], [3, 6], [2, 6], [6, 2], [1, 6]], "winner": [0, 1, 1, 0, 1, 1, 1, 0, 1, 0, 0, 0, 1, 0, 1, 1, 0, 1, 0, 1, 1, 1, 1, 0, 1], "ground_truth_matrix": [[0.3333333333333333, 0.3333333333333333, 0.3333333333333333], [0.3333333333333333, 0.3333333333333333, 0.3333333333333333], [0.3333333333333333, 0.3333333333333333, 0.3333333333333333]], "estimated_matrix": [[0.32786885245901637, 0.3524590163934426, 0.319672131147541], [0.33613445378151263, 0.3277310924369748, 0.33613445378151263], [0.35, 0.30833333333333335, 0.3416666666666667]]}