{"choices": [[0, 1, 1, 1, 1, 1, 1, 1, 1, 1, 0], [1, 1, 2, 1, 0, 1, 1, 1, 0, 1, 1], [1, 1, 1, 1, 1, 1, 2, 0, 2, 1, 0, 0, 0, 1, 1, 1], [0, 1, 0, 0, 0, 0, 0, 0, 0, 0], [2, 1, 2, 1, 1, 2, 1, 1, 0, 0, 0, 0, 0, 1], [0, 0, 0, 0, 0, 0, 0, 0], [1, 1, 1, 2, 2, 1, 1, 1, 1, 1, 1, 1, 0], [0, 0, 0, 0, 0, 1, 1, 1, 1, 1], [0, 1, 1, 1, 1, 1, 1, 1, 1], [2, 1, 1, 1, 0, 0, 0, 0, 0, 2, 0, 1, 1], [2, 0, 0, 0, 0, 0, 0, 2, 1, 1, 1, 2, 1], [0, 1, 0, 1, 0, 0, 0, 0, 0], [0, 0, 0, 0, 0, 0, 2], [0, 0, 0, 0, 1, 2, 1, 1], [2, 1, 0, 0, 1, 1, 1, 1, 1, 1, 1, 1], [1, 1, 1, 0, 0, 2, 1, 1, 1], [0, 0, 0, 0, 0, 0, 0, 0, 0], [1, 2, 1, 2, 0, 0, 2, 1, 2, 1], [2, 1, 1, 1, 1, 0, 1, 1, 2, 1], [2, 1, 1, 0, 0, 0, 0], [1, 0, 0, 0, 0, 0, 0, 0, 0, 2, 1], [0, 1, 1, 2, 1, 1, 2, 1], [2, 1, 1, 1, 2, 1, 0, 0, 0, 0, 0, 0, 0], [1, 0, 0, 1, 0, 0, 0], [2, 0, 1, 2, 0, 2, 1, 1, 0, 0, 0, 0], [1, 1, 1, 1, 1, 1, 1, 1, 1, 0]], "scores": [[4, 6], [4, 6], [6, 3], [3, 6], [2, 6], [2, 6], [3, 6], [1, 6], [4, 6], [4, 6], [2, 6], [0, 6], [0, 6], [2, 6], [2, 6], [2, 6], [1, 6], [2, 6], [0, 6], [2, 6], [0, 6], [2, 6], [1, 6], [6, 3], [3, 6]], "winner": [1, 1, 0, 1, 1, 1, 1, 1, 1, 1, 1, 1, 1, 1, 1, 1, 1, 1, 1, 1, 1, 1, 1, 0, 1], "ground_truth_matrix": [[0.7974359148443823, 0.09892935826019342, 0.10363472689542436], [0.21405578180308255, 0.6432658098953773, 0.1426784083015402], [0.18486842994374447, 0.7399240184356757, 0.07520755162057978]], "estimated_matrix": [[0.7142857142857143, 0.19642857142857142, 0.08928571428571429], [0.21739130434782608, 0.6, 0.1826086956521739], [0.21875, 0.75, 0.03125]]}