{"choices": [[0, 0, 0, 0, 0, 0, 0, 0, 0, 0, 0, 0, 0, 0, 0], [0, 0, 0, 0, 0, 2, 1], [0, 0, 0, 0, 0, 0, 0], [0, 1, 0, 0, 0, 0, 0, 0], [1, 1, 1, 0, 0, 0, 0, 0, 0, 0], [1, 0, 0, 2, 0, 2, 1, 0, 0, 0, 0], [0, 2, 1, 0, 0, 0, 0, 2, 1, 0], [2, 1, 0, 0, 0, 0, 0, 0], [0, 0, 0, 0, 2, 2, 1, 0, 0, 2, 0, 0, 1, 0], [2, 1, 0, 0, 0, 0, 0], [1, 0, 0, 0, 0, 0], [2, 1, 0, 0, 0, 0, 2], [1, 0, 0, 0, 0, 2, 0, 0, 1, 1, 0], [0, 0, 0, 0, 0, 0, 0], [2, 0, 1, 0, 0, 0, 2, 2, 1, 0], [1, 0, 0, 0, 0, 0, 0, 0, 0], [1, 1, 0, 0, 1, 0, 0, 0], [1, 1, 1, 0, 0, 0, 0, 1, 0, 0, 0, 0, 0], [1, 0, 0, 0, 0, 0, 0, 0, 0], [0, 0, 0, 2, 0, 0, 1, 1, 0, 0], [2, 1, 0, 0, 2, 2, 1, 0, 0, 0, 0, 0, 2, 1, 0], [0, 0, 0, 0, 2, 1], [1, 0, 0, 0, 0, 2, 1, 1, 0], [0, 0, 0, 0, 0, 0, 2, 1, 0, 0, 0], [0, 0, 2, 2, 1, 0, 0, 0, 0, 0, 0, 0], [1, 0, 2, 2, 1, 0, 2, 2, 1, 0, 0, 2, 1, 0]], "scores": [[1, 6], [1, 6], [1, 6], [1, 6], [4, 6], [4, 6], [1, 6], [5, 6], [0, 6], [0, 6], [1, 6], [4, 6], [0, 6], [2, 6], [0, 6], [0, 6], [3, 6], [2, 6], [2, 6], [5, 6], [0, 6], [2, 6], [3, 6], [3, 6], [5, 6]], "winner": [1, 1, 1, 1, 1, 1, 1, 1, 1, 1, 1, 1, 1, 1, 1, 1, 1, 1, 1, 1, 1, 1, 1, 1, 1], "ground_truth_matrix": [[0.7839231426535098, 0.05918368643699936, 0.1568931709094908], [0.7981773743704857, 0.18078104498091188, 0.021041580648602367], [0.1718089538849915, 0.5540137846610507, 0.2741772614539578]], "estimated_matrix": [[0.791907514450867, 0.08092485549132948, 0.12716763005780346], [0.775, 0.225, 0.0], [0.19230769230769232, 0.6538461538461539, 0.15384615384615385]]}