{"choices": [[0, 0, 0, 1, 1, 0, 0, 0, 0, 0], [2, 1, 0, 0, 1, 1, 1, 1], [2, 1, 1, 0, 1, 1, 1, 1, 1, 1], [2, 1, 1, 0, 0, 0, 0, 0, 0], [0, 0, 0, 1, 1, 1, 1, 1, 1, 1, 1], [1, 1, 0, 0, 0, 0, 1, 1, 1, 1], [1, 1, 1, 0, 0, 0, 0, 0, 2, 1], [1, 0, 0, 1, 1, 1, 1], [0, 0, 0, 0, 0, 0, 0, 0, 0, 0], [0, 0, 0, 0, 0, 1, 1], [2, 1, 1, 1, 1, 1], [2, 1, 1, 1, 0, 0, 0, 0], [2, 1, 1, 1, 1, 1, 1, 0, 2, 1], [1, 1, 1, 1, 0, 0, 0], [2, 1, 1, 0, 0, 0, 0, 0, 0], [0, 0, 0, 0, 0, 0], [2, 1, 1, 1, 1, 1, 1, 1, 1, 0, 0], [2, 0, 0, 0, 0, 0, 0, 0, 0], [0, 0, 0, 0, 0, 0, 0, 0], [2, 1, 1, 0, 0, 0, 0, 0], [2, 1, 0, 0, 0, 0, 0, 0], [1, 1, 1, 0, 0, 0, 0, 0], [1, 0, 0, 0, 0, 0, 0, 0], [1, 1, 1, 1, 0, 0, 0, 0, 0, 2, 1], [1, 1, 1, 1, 0, 0, 0, 0, 0, 0], [2, 1, 0, 2, 0, 0, 0, 0, 0, 0, 0]], "scores": [[0, 6], [0, 6], [2, 6], [2, 6], [3, 6], [3, 6], [0, 6], [1, 6], [0, 6], [0, 6], [2, 6], [1, 6], [1, 6], [1, 6], [0, 6], [2, 6], [2, 6], [2, 6], [1, 6], [1, 6], [2, 6], [1, 6], [2, 6], [3, 6], [5, 6]], "winner": [1, 1, 1, 1, 1, 1, 1, 1, 1, 1, 1, 1, 1, 1, 1, 1, 1, 1, 1, 1, 1, 1, 1, 1, 1], "ground_truth_matrix": [[0.8929975555279405, 0.05807009520741865, 0.04893234926464071], [0.20421601139429002, 0.794437008546277, 0.0013469800594329523], [0.21067837045368495, 0.7885319382203606, 0.0007896913259543822]], "estimated_matrix": [[0.8290598290598291, 0.08547008547008547, 0.08547008547008547], [0.21839080459770116, 0.735632183908046, 0.04597701149425287], [0.07142857142857142, 0.9285714285714286, 0.0]]}