{"choices": [[2, 2, 0, 0, 1, 0, 2, 2, 2, 2, 2, 2, 1], [2, 2, 1, 0, 0, 1, 0, 1, 1, 0, 1, 0, 1, 0, 1], [0, 1, 1, 1, 0, 1, 1, 0, 1, 1, 0, 1], [0, 1, 0, 1, 0, 0, 1, 1, 0, 1], [1, 0, 1, 0, 1, 0, 1, 0, 1, 0], [2, 0, 0, 1, 0, 1, 1, 0], [0, 0, 0, 0, 0, 1, 1, 1, 0, 1, 0, 1], [1, 1, 0, 1, 0, 1, 0, 1], [1, 0, 1, 0, 0, 0, 0, 0, 1, 1, 0, 1], [0, 1, 1, 0, 0, 0, 1, 0, 1, 0, 1, 0, 0, 0], [2, 2, 2, 2, 2, 2, 2, 2, 2, 2, 2, 2, 0, 1], [2, 2, 2, 2, 2, 2, 1, 0, 0, 0, 1, 1, 0], [2, 2, 2, 2, 2, 0, 1, 0, 1], [1, 1, 0, 0, 1, 1, 1, 0, 1, 0, 1], [0, 0, 1, 0, 1, 0, 1, 1, 0, 0, 0, 0, 0, 0, 1, 0, 1, 1], [2, 2, 2, 2, 2, 0, 1, 0, 0], [1, 0, 1, 0, 0, 1, 1, 0, 1, 0, 1, 0, 0, 0, 0], [0, 1, 0, 1, 0, 0, 1, 0, 1, 0, 1, 0, 0], [1, 0, 1, 0, 0, 1, 0, 0, 1, 1, 1, 1, 1, 0, 0], [0, 1, 0, 1, 1, 0, 0, 0, 1, 1, 0, 0], [0, 0, 0, 1, 0, 1, 1, 1, 1, 0, 1, 0, 1, 0], [0, 0, 0, 1, 0, 1, 1, 0, 1, 1, 0, 0, 0, 1], [1, 0, 1, 1, 0, 0, 0, 0], [0, 1, 0, 1, 1, 1, 0, 0, 0, 1, 0, 0, 1], [1, 0, 0, 1, 1, 0, 0, 1, 1, 1, 1, 0, 0, 0], [0, 1, 1, 0, 0, 0, 1, 0, 0, 1, 1, 0, 0]], "scores": [[2, 6], [1, 6], [4, 6], [1, 6], [1, 6], [2, 6], [0, 6], [4, 6], [6, 4], [4, 6], [5, 6], [1, 6], [2, 6], [5, 6], [1, 6], [6, 5], [6, 3], [6, 3], [1, 6], [3, 6], [5, 6], [6, 1], [5, 6], [2, 6], [6, 4]], "winner": [1, 1, 1, 1, 1, 1, 1, 1, 0, 1, 1, 1, 1, 1, 1, 0, 0, 0, 1, 1, 1, 0, 1, 1, 0], "ground_truth_matrix": [[0.44622839972040385, 0.5364157207331616, 0.01735587954643458], [0.7183430283192811, 0.28165266018674906, 4.31149396997368e-06], [0.13814951471506684, 0.03648668122379417, 0.8253638040611389]], "estimated_matrix": [[0.4225352112676056, 0.5492957746478874, 0.028169014084507043], [0.6290322580645161, 0.3467741935483871, 0.024193548387096774], [0.1282051282051282, 0.07692307692307693, 0.7948717948717948]]}