{"choices": [[1, 2, 1, 2, 2, 2, 0, 0, 0, 0, 0], [1, 1, 2, 2, 2, 2, 2, 2, 1, 2], [2, 2, 0, 0, 0, 0, 0, 2, 2, 1, 2, 2, 1, 2], [1, 2, 2, 1, 2, 1, 2, 2, 2, 2], [2, 2, 2, 0, 0, 0, 2, 1, 2, 0, 2, 0, 2, 2, 2, 2, 0, 0], [2, 1, 2, 2, 0, 0, 2, 0, 0, 2, 1, 2, 2, 1], [0, 2, 1, 2, 2, 0, 2, 2, 2, 0, 2], [1, 2, 2, 0, 0, 2, 1, 2, 2, 0, 2, 2], [1, 2, 0, 0, 0, 0, 2, 2, 0, 0, 1, 2, 2, 0], [2, 2, 0, 2, 0, 0, 0, 0, 0, 0, 1, 1, 2, 0], [1, 2, 2, 2, 2, 0, 0, 2, 2, 0, 0, 1, 1, 2], [2, 2, 0, 0, 0, 0, 2, 0, 0, 0, 2, 2, 2], [0, 0, 0, 2, 2, 0, 2, 1, 2], [0, 0, 2, 2, 0, 0, 2, 2, 0], [2, 0, 2, 0, 0, 0, 2, 1, 2, 2, 0, 0, 0, 0, 0, 0, 0], [2, 0, 2, 2, 2, 2, 2, 2, 2, 0, 0, 0, 0, 2, 1], [0, 2, 0, 0, 0, 0, 0, 0, 0, 0], [2, 2, 1, 2, 1, 2, 1, 2, 0, 0, 2, 2, 0, 0], [2, 2, 2, 2, 2, 0, 2, 0, 0, 0, 0, 2, 2], [2, 2, 2, 2, 0, 0, 2, 2, 2, 2, 2, 0, 2, 2, 2, 2, 2], [1, 2, 0, 0, 0, 0, 0, 0, 0, 0], [2, 1, 2, 2, 0, 2, 2, 2, 1, 2, 2, 2, 2], [2, 2, 0, 2, 1, 2, 2, 2, 2, 2, 2, 2], [2, 2, 1, 2, 0, 0, 2, 2, 0, 0, 2, 0, 0, 2, 1, 2], [1, 2, 2, 0, 2, 2, 1, 2, 0, 2, 0, 0], [0, 0, 0, 0, 0, 0, 0, 0, 0, 1, 1, 0, 0, 0, 2, 2, 1, 2]], "scores": [[3, 6], [4, 6], [3, 6], [4, 6], [6, 4], [6, 4], [3, 6], [2, 6], [4, 6], [3, 6], [2, 6], [2, 6], [1, 6], [6, 5], [6, 2], [1, 6], [5, 6], [6, 4], [6, 5], [1, 6], [3, 6], [5, 6], [5, 6], [4, 6], [4, 6]], "winner": [1, 1, 1, 1, 0, 0, 1, 1, 1, 1, 1, 1, 1, 0, 0, 1, 1, 0, 0, 1, 1, 1, 1, 1, 1], "ground_truth_matrix": [[0.5725827891566649, 0.030082887726141667, 0.3973343231171934], [0.059140765284069245, 0.028289776941021236, 0.9125694577749096], [0.2727424021024358, 0.18045665411121095, 0.5468009437863534]], "estimated_matrix": [[0.5847457627118644, 0.0423728813559322, 0.3728813559322034], [0.05263157894736842, 0.07894736842105263, 0.868421052631579], [0.2909090909090909, 0.17575757575757575, 0.5333333333333333]]}