{"choices": [[0, 1, 0, 1, 0, 1, 0, 1, 1, 0, 1, 0, 1, 1, 0, 2], [1, 0, 1, 0, 1, 0, 1, 0], [0, 1, 0, 0, 1, 0, 0, 1, 0, 1], [0, 1, 0, 0, 1, 0, 1, 0], [0, 1, 1, 1, 1, 1, 0, 1, 0, 1], [1, 0, 1, 0, 1, 0, 1, 0], [0, 0, 1, 0, 1, 0, 0, 1, 0, 0, 0, 2, 0, 1], [0, 0, 2, 2, 0, 1, 0, 1, 0, 1, 0, 1], [2, 0, 2, 0, 2, 0, 1, 0, 0, 1, 0, 2, 0, 1, 0, 1, 0], [0, 1, 0, 1, 1, 0, 0, 0, 1, 1, 0, 1], [0, 1, 0, 1, 1, 0, 2, 0], [1, 1, 1, 0, 1, 0, 2, 0, 1], [2, 0, 2, 0, 1, 0, 1, 0, 0, 1, 0, 1], [1, 0, 1, 0, 1, 1, 0, 1, 1, 0, 0, 1], [0, 1, 0, 0, 2, 0, 1, 1, 0, 1], [2, 2, 0, 1, 0, 0, 1, 0, 1, 0, 2], [0, 0, 0, 0, 2, 0, 0, 0, 1, 0, 1, 2, 0], [2, 0, 2, 1, 0, 1, 0, 2, 0, 1, 1, 0], [2, 0, 1, 0, 1, 0, 1, 0, 1, 0], [1, 0, 0, 1, 0, 0, 0, 0, 1, 0], [2, 0, 1, 0, 1, 0, 1, 0, 1, 0], [1, 0, 0, 1, 0, 1, 0, 1, 0], [0, 2, 0, 1, 0, 1, 0, 1], [0, 1, 0, 1, 0, 1, 0, 1], [0, 1, 0, 0, 1, 0, 1, 1, 0], [2, 0, 2, 0, 1, 0, 1, 0, 2, 0, 0, 0, 1, 0]], "scores": [[2, 6], [4, 6], [2, 6], [1, 6], [1, 6], [5, 6], [3, 6], [5, 6], [3, 6], [0, 6], [0, 6], [5, 6], [4, 6], [2, 6], [6, 4], [4, 6], [1, 6], [3, 6], [6, 1], [1, 6], [2, 6], [1, 6], [1, 6], [1, 6], [5, 6]], "winner": [1, 1, 1, 1, 1, 1, 1, 1, 1, 1, 1, 1, 1, 1, 0, 1, 1, 1, 0, 1, 1, 1, 1, 1, 1], "ground_truth_matrix": [[0.28732671099208296, 0.6221774023661404, 0.09049588664177657], [0.7862290018283765, 0.2024498057787205, 0.011321192392903027], [0.7886035354460056, 0.09285115440891856, 0.11854531014507581]], "estimated_matrix": [[0.22962962962962963, 0.6370370370370371, 0.13333333333333333], [0.7924528301886793, 0.16981132075471697, 0.03773584905660377], [0.8333333333333334, 0.08333333333333333, 0.08333333333333333]]}