{"choices": [[2, 2, 1, 2, 1, 2, 1, 0, 2, 1, 2], [1, 2, 1, 2, 2, 1, 2, 1, 2], [0, 2, 1, 2, 1, 2, 1, 0, 1, 2], [0, 0, 2, 1, 2, 1, 2, 1, 2, 1, 2, 1], [0, 2, 1, 0, 2, 1, 2, 1], [2, 1, 2, 1, 2, 1, 2], [0, 2, 1, 2, 1, 2, 1], [0, 2, 1, 2, 1, 2, 1, 2, 1], [1, 2, 1, 0, 2, 1, 2], [2, 1, 2, 1, 2, 1, 2], [2, 1, 2, 2, 2, 1, 2, 1, 2, 1], [0, 2, 1, 1, 2, 2, 1, 2, 1], [1, 2, 1, 2, 2, 2, 1, 2, 2, 1, 1, 0, 0, 2, 2, 1], [0, 2, 1, 2, 1, 2, 1, 2], [2, 1, 2, 2, 1, 2, 1], [2, 1, 2, 1, 2, 1], [1, 2, 1, 0, 1, 2, 1, 2], [2, 1, 2, 1, 2, 1, 2, 1, 0, 0, 0, 2], [2, 1, 2, 1, 2, 1, 2, 1, 2, 1], [2, 1, 2, 2, 1, 0, 2, 1, 2, 1], [1, 2, 1, 2, 2, 1, 2, 1], [0, 1, 2, 1, 2, 1, 2, 1, 2], [1, 2, 1, 2, 1, 2, 1], [1, 2, 1, 2, 1, 2, 1, 2, 1], [2, 1, 2, 1, 2, 1, 2, 1, 2, 1, 2], [1, 2, 1, 2, 1, 2, 1]], "scores": [[2, 6], [2, 6], [6, 5], [0, 6], [0, 6], [0, 6], [2, 6], [0, 6], [1, 6], [2, 6], [2, 6], [3, 6], [1, 6], [1, 6], [0, 6], [2, 6], [3, 6], [3, 6], [1, 6], [2, 6], [1, 6], [1, 6], [2, 6], [3, 6], [1, 6]], "winner": [1, 1, 0, 1, 1, 1, 1, 1, 1, 1, 1, 1, 1, 1, 1, 1, 1, 1, 1, 1, 1, 1, 1, 1, 1], "ground_truth_matrix": [[0.1844159543170806, 0.20384606070551536, 0.611737984977404], [0.11712753704963029, 0.07518632323196257, 0.8076861397184071], [0.000981337843547495, 0.8898385241178005, 0.10918013803865201]], "estimated_matrix": [[0.2, 0.15, 0.65], [0.1326530612244898, 0.07142857142857142, 0.7959183673469388], [0.027777777777777776, 0.8148148148148148, 0.1574074074074074]]}