{"choices": [[2, 2, 2, 2, 2, 2, 1, 2, 1, 2, 2, 2, 1], [0, 1, 2, 1, 2, 2, 2, 2, 2, 2, 2], [0, 1, 2, 2, 2, 2, 2, 1, 2, 1, 2], [0, 1, 2, 1, 2, 2, 2, 2], [0, 1, 2, 2, 1, 2, 1, 2], [2, 1, 2, 2, 1, 2, 2, 2, 2, 2], [0, 1, 2, 2, 2, 2, 2, 2, 0], [1, 2, 1, 2, 2, 2, 1, 2, 2, 2], [0, 1, 2, 2, 2, 2, 1, 2], [0, 0, 1, 2, 2, 2, 2], [1, 2, 2, 2, 2, 2, 2, 2, 1, 2, 2], [1, 2, 2, 1, 2, 2, 2], [1, 2, 1, 2, 2, 2, 1, 2, 2, 2, 0, 1, 2], [2, 2, 2, 2, 2, 1, 2], [1, 2, 2, 2, 2, 2, 2, 0, 1, 2], [2, 0, 1, 2, 1, 2, 2, 2, 2, 1, 2, 2], [2, 2, 1, 2, 2, 2, 2, 2, 2, 2], [1, 2, 2, 2, 2, 2, 2], [2, 2, 1, 2, 2, 2, 2, 2, 1, 2, 2, 2], [2, 2, 2, 2, 2, 2], [2, 1, 2, 2, 1, 2, 2, 2, 2], [1, 2, 2, 1, 2, 2, 2, 2, 1, 2, 1], [0, 1, 2, 2, 1, 2, 2], [1, 2, 2, 2, 2, 2, 2, 2], [0, 1, 2, 1, 2, 2, 2], [1, 2, 2, 2, 2, 2, 2]], "scores": [[2, 6], [2, 6], [1, 6], [2, 6], [2, 6], [1, 6], [3, 6], [2, 6], [1, 6], [3, 6], [1, 6], [4, 6], [1, 6], [0, 6], [3, 6], [2, 6], [0, 6], [3, 6], [0, 6], [2, 6], [2, 6], [1, 6], [2, 6], [1, 6], [0, 6]], "winner": [1, 1, 1, 1, 1, 1, 1, 1, 1, 1, 1, 1, 1, 1, 1, 1, 1, 1, 1, 1, 1, 1, 1, 1, 1], "ground_truth_matrix": [[0.07233873967609074, 0.9125144274030145, 0.015146832920894695], [1.5304542185634145e-05, 0.0003898597975122034, 0.9995948356603022], [0.02662286094174602, 0.2403775318406247, 0.7329996072176292]], "estimated_matrix": [[0.07142857142857142, 0.9285714285714286, 0.0], [0.0392156862745098, 0.0, 0.9607843137254902], [0.06626506024096386, 0.2289156626506024, 0.7048192771084337]]}