{"choices": [[0, 0, 0, 0, 0, 0, 0, 0, 0, 0, 0], [1, 0, 0, 0, 0, 0, 1, 0, 0], [1, 1, 0, 0, 0, 0, 0, 0, 0], [0, 0, 0, 0, 0, 0, 0, 0], [0, 0, 0, 0, 0, 0], [0, 0, 0, 0, 0, 0, 0, 0], [1, 0, 0, 0, 0, 1, 1, 0, 0, 0], [0, 0, 0, 0, 0, 0], [1, 0, 0, 1, 0, 0, 0, 0, 0, 0, 0], [2, 2, 2, 2, 2, 2, 1, 0, 0, 0, 0, 0, 0], [2, 2, 1, 0, 0, 0, 0, 0], [2, 2, 2, 2, 1, 0, 1, 0, 0], [0, 0, 0, 0, 0, 0, 0], [0, 0, 0, 0, 0, 0], [1, 0, 0, 0, 0, 0, 0, 0, 0], [0, 0, 0, 0, 0, 0, 0, 0], [0, 0, 0, 0, 0, 0, 0, 0, 0], [2, 2, 1, 0, 0, 0, 0, 1, 2, 1, 0, 0, 0], [0, 0, 0, 0, 0, 0, 0, 0], [0, 0, 0, 0, 0, 0, 0], [0, 0, 0, 0, 0, 0, 0], [2, 2, 1, 0, 0, 1, 0, 1, 0, 0], [2, 1, 0, 0, 0, 0, 0, 0, 1], [1, 0, 0, 0, 0, 0, 0, 0, 1, 0, 0], [2, 2, 1, 0, 0, 0, 0, 1, 0], [1, 0, 0, 0, 0, 0, 0]], "scores": [[2, 6], [1, 6], [1, 6], [0, 6], [2, 6], [1, 6], [0, 6], [3, 6], [4, 6], [2, 6], [2, 6], [0, 6], [0, 6], [3, 6], [1, 6], [1, 6], [3, 6], [0, 6], [0, 6], [1, 6], [1, 6], [3, 6], [3, 6], [2, 6], [0, 6]], "winner": [1, 1, 1, 1, 1, 1, 1, 1, 1, 1, 1, 1, 1, 1, 1, 1, 1, 1, 1, 1, 1, 1, 1, 1, 1], "ground_truth_matrix": [[0.9256585976629812, 0.0631079013460331, 0.011233500990985676], [0.7571135019850752, 0.13321751370764454, 0.10966898430728012], [3.474881966600604e-05, 0.5788070540999504, 0.4211581970803836]], "estimated_matrix": [[0.8735632183908046, 0.08620689655172414, 0.040229885057471264], [0.8461538461538461, 0.11538461538461539, 0.038461538461538464], [0.0, 0.4, 0.6]]}