{"choices": [[1, 1, 1, 2, 1, 1, 1, 1, 2, 1, 0, 0], [2, 2, 2, 1, 1, 1, 1, 0, 0, 0, 2, 0, 0], [2, 1, 1, 1, 0, 0, 0, 0], [2, 0, 0, 0, 0, 0, 0, 0], [0, 2, 0, 0, 0, 0, 0, 1, 1, 0, 2, 0, 1, 1], [0, 1, 0, 1, 1, 0, 1, 1, 2, 2, 1, 1, 1, 1, 1], [1, 1, 0, 0, 0, 1, 1, 0, 2, 0, 0, 2, 1, 1], [2, 0, 2, 0, 0, 0, 0, 0, 1, 1], [1, 1, 1, 1, 1, 2, 2, 1, 1], [0, 0, 0, 0, 0, 1, 1], [1, 1, 0, 0, 0, 0, 1, 1, 1], [1, 1, 0, 0, 0, 0, 0, 0, 0, 2, 0, 0], [2, 1, 1, 1, 1, 0, 0, 0, 0, 0, 0], [2, 1, 1, 0, 1, 0, 0, 0, 2, 1, 0, 0, 0], [2, 1, 1, 1, 1, 2, 1, 1, 0, 0, 0], [0, 0, 0, 0, 0, 0, 0, 1, 1, 2, 1, 0, 0, 0], [0, 0, 0, 0, 0, 1, 1, 0, 0, 0, 0], [2, 2, 2, 2, 1, 1, 0, 0, 0, 0, 0, 0, 2, 2, 2, 1, 0, 0, 0], [0, 0, 0, 0, 0, 0], [2, 0, 0, 2, 1, 0, 0, 0, 0], [2, 1, 0, 0, 0, 0, 1, 0, 0, 0, 0, 0], [2, 0, 0, 0, 0, 0, 0, 0, 0], [1, 2, 0, 0, 2, 0, 0, 0, 0, 0, 0, 0], [2, 1, 0, 0, 0, 0, 0, 0, 1, 1, 1, 1, 1, 0], [1, 0, 0, 0, 0, 0, 0, 2, 0], [2, 0, 0, 0, 0, 0, 0, 0, 1, 0, 0, 0, 0, 0]], "scores": [[4, 6], [1, 6], [1, 6], [6, 4], [4, 6], [4, 6], [3, 6], [1, 6], [0, 6], [1, 6], [2, 6], [4, 6], [5, 6], [1, 6], [3, 6], [2, 6], [4, 6], [0, 6], [3, 6], [4, 6], [3, 6], [3, 6], [6, 5], [0, 6], [3, 6]], "winner": [1, 1, 1, 0, 1, 1, 1, 1, 1, 1, 1, 1, 1, 1, 1, 1, 1, 1, 1, 1, 1, 1, 0, 1, 1], "ground_truth_matrix": [[0.8481027414010393, 0.0625349549132146, 0.08936230368574616], [0.3368186042101509, 0.5802796443452005, 0.08290175144464858], [0.37626528971785705, 0.35706926017467644, 0.2666654501074665]], "estimated_matrix": [[0.7467532467532467, 0.1038961038961039, 0.14935064935064934], [0.313953488372093, 0.5930232558139535, 0.09302325581395349], [0.325, 0.45, 0.225]]}