{"choices": [[1, 0, 2, 0, 2, 0, 2, 0, 2, 2, 2, 2], [0, 2, 2, 2, 2, 2, 0, 2, 2], [1, 0, 1, 2, 2, 2, 0, 2, 0, 1, 2, 2, 0, 2], [1, 0, 0, 2, 2, 0, 1, 1, 0, 2, 0], [2, 0, 2, 2, 0, 1, 2, 0, 2, 0, 2, 0, 2, 2, 2], [1, 2, 2, 2, 0, 2, 0, 2, 2, 2], [2, 0, 2, 0, 2, 0, 2, 2, 2, 2, 0], [2, 2, 0, 2, 2, 0, 1, 2, 2], [2, 2, 2, 0, 2, 0, 2, 2, 0, 2, 0, 2], [2, 0, 2, 0, 2, 2, 2, 2], [2, 2, 0, 2, 0, 1, 2, 0, 1, 2, 0, 1, 0], [0, 2, 0, 1, 2, 2, 0, 2, 0, 1, 2, 0, 2, 0], [0, 2, 2, 0, 2, 2, 2, 0, 2, 2, 0, 1, 2], [0, 2, 1, 2, 0, 2, 2, 2, 0, 2, 0, 2], [0, 2, 0, 2, 0, 2, 0, 0, 1, 2, 2], [1, 2, 2, 2, 0, 2, 0, 2, 0, 2], [2, 0, 2, 0, 2, 2, 0, 2, 0, 2, 2, 2, 2], [1, 2, 2, 0, 2, 2, 0], [0, 2, 2, 2, 2, 2, 0, 2, 0, 1, 2], [0, 1, 2, 2, 2, 2, 0, 2], [0, 2, 2, 0, 2, 0, 2, 2, 0, 2, 2, 2, 0], [0, 2, 2, 0, 2, 2, 1, 2, 2, 2, 0], [0, 1, 2, 2, 0, 2, 2, 2, 0, 1, 2, 2, 2, 2, 2], [2, 0, 1, 2, 2, 2, 2, 2, 0, 2, 0, 2, 2], [1, 1, 2, 0, 1, 2, 0, 2, 2, 0, 2, 2], [1, 0, 1, 2, 0, 2, 0, 1, 2, 0, 1, 2]], "scores": [[3, 6], [4, 6], [1, 6], [2, 6], [2, 6], [3, 6], [6, 2], [1, 6], [1, 6], [6, 4], [6, 4], [3, 6], [2, 6], [3, 6], [2, 6], [4, 6], [1, 6], [6, 5], [1, 6], [3, 6], [2, 6], [5, 6], [4, 6], [6, 4], [3, 6]], "winner": [1, 1, 1, 1, 1, 1, 0, 1, 1, 0, 0, 1, 1, 1, 1, 1, 1, 0, 1, 1, 1, 1, 1, 0, 1], "ground_truth_matrix": [[0.04189528900365903, 0.21531134034678304, 0.7427933706495579], [0.11873810779830654, 0.021162585121294143, 0.8600993070803994], [0.4428064981343744, 0.009957929944213411, 0.5472355719214123]], "estimated_matrix": [[0.07865168539325842, 0.20224719101123595, 0.7191011235955056], [0.1724137931034483, 0.06896551724137931, 0.7586206896551724], [0.4583333333333333, 0.047619047619047616, 0.49404761904761907]]}