{"choices": [[2, 1, 2, 1, 0, 2, 1, 0, 2, 2, 1, 0, 2, 2, 2, 1, 0], [0, 2, 2, 2, 1, 0, 2, 1], [2, 1, 0, 2, 1, 0, 1, 0, 2], [2, 2, 0, 2, 1, 0, 2, 2, 2, 2, 1, 0, 2], [1, 0, 1, 0, 2, 2, 2, 1], [0, 1, 0, 2, 1, 0, 2, 1, 0, 1, 0], [2, 1, 0, 2, 1, 0, 2, 1, 0], [2, 1, 0, 2, 2, 1, 0, 2, 1, 0, 1, 0, 2], [1, 0, 2, 2, 1, 0, 2, 1, 0, 2, 1], [1, 0, 1, 0, 2, 2, 1, 0], [2, 2, 1, 0, 2, 1, 0, 1, 0], [2, 1, 0, 2, 2, 2, 2, 1, 0, 2], [2, 2, 1, 0, 2, 2, 1, 0], [2, 1, 0, 2, 1, 0, 2], [1, 0, 2, 2, 1, 0, 2, 1, 0], [2, 2, 2, 1, 0, 2, 2, 2, 2, 2, 2, 2, 1], [1, 0, 2, 2, 1, 0, 2, 2, 1], [2, 1, 0, 2, 2, 2, 1, 0, 1, 0], [0, 2, 2, 2, 1, 0, 1, 0, 1, 0, 2, 1], [1, 0, 2, 2, 2, 2, 2, 1], [2, 1, 2, 2, 2, 1, 0, 2, 2, 1, 0, 2], [1, 0, 2, 2, 1, 0, 2, 1, 0], [1, 0, 2, 1, 2, 1, 0, 2, 2, 2, 1, 0], [0, 2, 2, 1, 0, 2, 2, 1, 0], [2, 2, 1, 0, 2, 2, 2, 2, 1, 0, 2], [2, 1, 0, 2, 1, 0, 2, 2]], "scores": [[1, 6], [2, 6], [1, 6], [1, 6], [3, 6], [1, 6], [2, 6], [2, 6], [1, 6], [2, 6], [2, 6], [1, 6], [0, 6], [2, 6], [2, 6], [0, 6], [3, 6], [4, 6], [0, 6], [4, 6], [2, 6], [4, 6], [0, 6], [3, 6], [1, 6]], "winner": [1, 1, 1, 1, 1, 1, 1, 1, 1, 1, 1, 1, 1, 1, 1, 1, 1, 1, 1, 1, 1, 1, 1, 1, 1], "ground_truth_matrix": [[0.0027982944191501484, 0.28593376855838076, 0.7112679370224692], [0.9223493616603354, 0.05872598358372811, 0.018924654755936382], [0.0038439411211347754, 0.5214232956498567, 0.47473276322900854]], "estimated_matrix": [[0.04411764705882353, 0.16176470588235295, 0.7941176470588235], [0.8767123287671232, 0.0410958904109589, 0.0821917808219178], [0.008849557522123894, 0.5221238938053098, 0.4690265486725664]]}