{"choices": [[2, 1, 1, 1, 0, 2, 1, 1, 1, 0], [2, 1, 1, 1, 1, 1, 1, 0, 0, 1, 0], [0, 0, 1, 1, 0, 0, 0, 1, 1, 1, 2, 2, 1, 0, 0, 1, 0], [1, 1, 1, 1, 1, 1, 0, 0, 2, 1, 0, 1, 0, 0, 0, 1], [1, 1, 0, 2, 1, 1, 0, 2, 2, 2, 2, 1, 1], [2, 1, 2, 2, 2, 1, 2, 0, 0, 2, 1, 1, 1, 1, 1, 1, 1], [0, 0, 0, 0, 1, 1, 2, 1, 1, 1, 1, 1, 1, 0, 0, 0], [1, 0, 0, 1, 1, 1, 0, 0, 2, 2], [1, 1, 0, 0, 1, 1, 1, 2, 1, 1, 0, 2, 2, 1, 2, 2, 1, 1, 0, 0, 0, 0], [1, 1, 1, 1, 1, 0, 2, 1], [2, 1, 1, 1, 1, 1, 1, 0, 0, 1, 1, 2, 2, 2, 2, 2], [0, 1, 1, 1, 1, 1, 1, 0, 1, 1, 0], [1, 2, 1, 1, 1, 0, 2, 1, 0, 0, 2, 0, 0, 2, 1, 1], [1, 1, 1, 1, 1, 0, 2, 1, 0, 0, 0], [2, 1, 2, 1, 1, 0, 1, 1, 0, 0, 0, 0, 0, 2, 1, 2, 1], [1, 1, 1, 1, 1, 1, 1, 1, 0, 2, 2], [2, 1, 1, 1, 1, 1, 1, 0, 0, 1], [0, 0, 0, 1, 0, 0, 1, 2, 1, 1, 1, 1, 1, 0, 2], [2, 1, 0, 0, 0, 1, 1, 2, 1, 1, 0, 0], [1, 1, 0, 0, 1, 1, 1, 1, 1, 2, 2, 1, 2, 1], [2, 1, 1, 1, 0, 1, 0, 1, 0, 0, 0, 1, 0], [2, 2, 1, 1, 1, 0, 1, 0, 0, 0, 0, 0, 2, 1], [2, 1, 0, 0, 0, 0, 0, 1, 0, 2, 1, 1, 1], [1, 1, 1, 0, 1, 1, 2, 2], [1, 2, 1, 1, 1, 1, 0, 2, 2, 1, 0], [2, 2, 2, 1, 1, 1, 1, 0, 0, 0, 0, 1, 1, 1, 2, 1]], "scores": [[2, 6], [5, 6], [5, 6], [3, 6], [4, 6], [2, 6], [4, 6], [6, 4], [2, 6], [2, 6], [6, 3], [5, 6], [6, 3], [4, 6], [2, 6], [3, 6], [4, 6], [3, 6], [5, 6], [3, 6], [2, 6], [4, 6], [0, 6], [2, 6], [6, 5]], "winner": [1, 1, 1, 1, 1, 1, 1, 0, 1, 1, 0, 1, 0, 1, 1, 1, 1, 1, 1, 1, 1, 1, 1, 1, 0], "ground_truth_matrix": [[0.5164028838379574, 0.32064139453613105, 0.16295572162591146], [0.32105624279623785, 0.5728010686106503, 0.10614268859311189], [0.02877624919065254, 0.6738163485522488, 0.29740740225709866]], "estimated_matrix": [[0.4897959183673469, 0.29591836734693877, 0.21428571428571427], [0.2807017543859649, 0.6023391812865497, 0.11695906432748537], [0.04838709677419355, 0.6290322580645161, 0.3225806451612903]]}