{"choices": [[2, 2, 2, 1, 2, 1, 1, 1, 2, 1], [1, 0, 1, 2, 2, 0, 2, 2, 2, 0, 0], [2, 2, 0, 0, 1, 0, 0, 2, 2, 2, 2, 1, 2, 0, 1, 0], [2, 1, 2, 2, 0, 0, 1, 1, 0, 2, 0, 1, 1, 1, 1], [2, 1, 1, 1, 0, 1, 0, 2, 1, 0, 0, 0, 2, 1, 2, 0], [2, 0, 0, 0, 1, 0, 2, 1, 2, 2, 0, 2, 0, 0, 2, 1], [2, 0, 2, 0, 2, 1, 1, 0, 0, 1, 2, 1, 1, 2, 0, 2], [2, 2, 2, 2, 1, 2, 1, 1, 2, 1, 2], [2, 1, 0, 2, 0, 1, 0, 0, 1, 1, 0, 1, 1, 1], [1, 1, 1, 0, 0, 1, 2, 2, 2, 0, 0, 0, 2, 0, 1, 1, 2, 1, 0, 1], [2, 2, 2, 2, 1, 1, 0, 0, 0, 2, 2, 2], [0, 0, 0, 2, 1, 1, 2, 1, 0, 1, 2, 0, 0, 2, 1, 1, 1, 0, 0], [2, 1, 2, 1, 0, 1, 1, 1, 1, 2, 2, 1, 1, 1, 2, 1, 1], [1, 1, 2, 2, 1, 1, 2, 1, 0, 2, 0, 0, 0], [2, 1, 1, 2, 0, 0, 0, 0, 1, 1, 2, 1, 2, 0, 0, 1, 1, 2], [2, 2, 1, 0, 0, 0, 2, 1, 2, 2, 0, 2, 2], [2, 0, 0, 0, 2, 0, 2, 2, 0, 1, 1, 0, 1, 1, 1, 2, 1, 2, 0, 0, 0, 0], [1, 1, 1, 1, 1, 0, 1, 0, 0, 0, 0, 1, 2, 0, 1, 1], [1, 0, 0, 0, 1, 1, 1, 0, 2, 2, 0, 0, 1], [0, 0, 2, 1, 0, 0, 2, 2, 0, 1, 1, 2, 1, 0, 1, 1, 2, 0], [1, 0, 2, 0, 2, 2, 0, 2, 1, 2, 1, 1, 2, 2, 0], [0, 1, 2, 2, 2, 2, 0, 2], [1, 1, 0, 0, 2, 0, 2, 1, 1, 0, 2, 1, 2], [0, 2, 1, 0, 2, 1, 0, 1, 2, 2, 0, 0, 1, 1, 0, 2], [1, 2, 2, 1, 2, 2, 2, 2, 2, 1, 1, 0, 2, 0, 1, 1, 1, 1, 0, 2], [2, 0, 2, 1, 0, 1, 1, 2, 1, 0, 2]], "scores": [[2, 6], [6, 3], [6, 4], [6, 5], [5, 6], [5, 6], [6, 1], [4, 6], [6, 2], [6, 3], [6, 5], [4, 6], [6, 3], [5, 6], [5, 6], [6, 5], [5, 6], [6, 3], [4, 6], [6, 3], [6, 1], [3, 6], [5, 6], [6, 5], [6, 3]], "winner": [1, 0, 0, 0, 1, 1, 0, 1, 0, 0, 0, 1, 0, 1, 1, 0, 1, 0, 1, 0, 0, 1, 1, 0, 0], "ground_truth_matrix": [[0.3333333333333333, 0.3333333333333333, 0.3333333333333333], [0.3333333333333333, 0.3333333333333333, 0.3333333333333333], [0.3333333333333333, 0.3333333333333333, 0.3333333333333333]], "estimated_matrix": [[0.3728813559322034, 0.2796610169491525, 0.3474576271186441], [0.2706766917293233, 0.42105263157894735, 0.3082706766917293], [0.30158730158730157, 0.3492063492063492, 0.3492063492063492]]}