{"choices": [[0, 1, 0, 0, 2, 0, 1, 2], [1, 0, 1, 0, 1, 0, 2, 0, 2, 0], [0, 1, 2, 2, 0, 2, 0, 1, 1, 1, 1, 2], [0, 2, 0, 0, 2, 0, 2, 0, 2, 0, 1], [0, 0, 1, 1, 0, 1, 0, 2, 1, 1, 1, 1, 1, 1], [1, 0, 2, 0, 1, 0, 2, 0, 0, 1, 1, 1, 1, 0, 0], [0, 1, 1, 0, 1, 2, 0, 0], [1, 1, 2, 0, 1, 1, 2, 0, 2, 0, 0, 1, 1], [0, 2, 1, 0, 2, 0, 0, 1, 0], [0, 1, 2, 0, 1, 0, 2, 0], [1, 1, 2, 0, 2, 0, 2, 0, 0, 2, 0, 0, 2, 0, 0, 2, 1, 0, 2, 0], [1, 0, 2, 0, 0, 0, 2, 0, 1, 1, 0, 2, 0, 1, 0], [1, 1, 2, 0, 1, 0, 2, 1, 0, 2, 2], [2, 1, 1, 1, 1, 0, 2, 0, 2, 0, 1, 1, 0, 2, 1, 0], [1, 1, 1, 1, 1, 0, 0, 1, 0], [2, 1, 0, 2, 0, 1, 2, 0, 0, 1, 0], [0, 2, 0, 1, 1, 0, 1, 1, 0, 1, 1], [0, 2, 0, 0, 1, 0, 1, 1, 2, 1, 1, 1, 0, 2, 0, 1, 0, 1], [2, 0, 1, 0, 2, 0, 2, 0], [0, 1, 0, 0, 0, 1, 0, 2, 0, 1], [0, 2, 0, 2, 0, 0, 1, 0, 2, 0], [1, 1, 0, 0, 1, 1, 0, 0, 1, 0, 1, 0], [2, 0, 1, 0, 2, 0, 2, 1, 0, 2], [2, 0, 1, 1, 0, 1, 2, 0, 2, 0, 2, 0, 2, 0, 1], [1, 1, 2, 0, 0, 2, 0, 2, 0, 1, 1, 1, 1, 0], [2, 0, 2, 0, 1, 0, 1, 0, 2, 1, 1, 0, 2, 1]], "scores": [[2, 6], [6, 4], [3, 6], [5, 6], [6, 5], [1, 6], [1, 6], [6, 1], [1, 6], [3, 6], [6, 5], [6, 3], [6, 5], [1, 6], [6, 3], [6, 3], [5, 6], [1, 6], [2, 6], [1, 6], [6, 3], [2, 6], [5, 6], [5, 6], [6, 3]], "winner": [1, 0, 1, 1, 0, 1, 1, 0, 1, 1, 0, 0, 0, 1, 0, 0, 1, 1, 1, 1, 0, 1, 1, 1, 0], "ground_truth_matrix": [[0.22120869859959594, 0.37426485299562273, 0.4045264484047814], [0.4824728711321727, 0.39773504162469625, 0.11979208724313097], [0.858570807741965, 0.12885299750832185, 0.012576194749713214]], "estimated_matrix": [[0.2125984251968504, 0.4015748031496063, 0.3858267716535433], [0.4563106796116505, 0.4077669902912621, 0.13592233009708737], [0.7910447761194029, 0.14925373134328357, 0.05970149253731343]]}