{"choices": [[0, 0, 2, 2, 2, 0, 0, 1, 2, 2, 0, 0, 0, 0, 2, 0], [1, 2, 2, 2, 2, 0, 1, 2, 2, 2, 2], [1, 1, 2, 2, 2, 2, 2, 2, 2, 0], [1, 2, 2, 0, 0, 0, 0, 0, 0, 1, 0, 0], [2, 2, 2, 2, 0, 2, 0, 2, 2], [0, 1, 2, 0, 0, 2, 2, 1, 2, 2, 2, 2, 2, 2], [2, 0, 0, 1, 2, 2, 0, 0, 1, 2, 0, 2, 2], [0, 2, 2, 2, 2, 0, 0, 2, 0, 0, 1, 2, 2, 0, 1], [0, 0, 0, 1, 2, 0, 2, 0, 2, 2], [1, 2, 2, 2, 2, 0, 2, 2, 2, 2], [1, 2, 0, 1, 2, 2], [2, 2, 0, 0, 2, 2, 0, 0, 0, 1, 2, 2, 0, 2, 2, 2], [1, 1, 2, 2, 2, 0, 0, 0, 2, 2, 2], [0, 2, 2, 2, 2, 0, 2, 0, 0], [2, 2, 2, 0, 0, 2, 2, 2, 0, 2, 0], [2, 2, 0, 1, 2, 2, 2, 2, 2, 0, 2, 2, 2], [1, 2, 2, 0, 1, 2, 0, 2, 2, 2, 0, 2, 2], [1, 2, 0, 0, 2, 2, 2, 0, 2, 2, 2, 2], [0, 0, 0, 0, 1, 0, 2, 1, 2, 2, 2, 2, 2, 2, 0, 2], [2, 2, 0, 0, 2, 2, 2, 0, 2, 2, 2], [0, 0, 0, 2, 0, 0, 0, 0, 0, 2, 2, 2, 0, 2, 2], [1, 2, 0, 0, 2, 2], [0, 0, 0, 2, 2, 0, 2, 2, 2, 0, 1, 0, 1, 2, 1, 2, 0, 1, 2], [0, 0, 0, 0, 0, 0, 2, 2, 2, 2], [2, 2, 2, 2, 2, 2, 2, 1, 2, 0, 2], [2, 2, 2, 2, 0, 2, 2, 0, 0, 2, 2, 2, 2]], "scores": [[3, 6], [3, 6], [3, 6], [3, 6], [4, 6], [3, 6], [6, 5], [1, 6], [6, 3], [0, 6], [5, 6], [3, 6], [1, 6], [2, 6], [4, 6], [4, 6], [2, 6], [6, 3], [2, 6], [3, 6], [0, 6], [5, 6], [2, 6], [4, 6], [4, 6]], "winner": [1, 1, 1, 1, 1, 1, 0, 1, 0, 1, 1, 1, 1, 1, 1, 1, 1, 0, 1, 1, 1, 1, 1, 1, 1], "ground_truth_matrix": [[0.3797099726592318, 0.18480256239735082, 0.43548746494341745], [0.11976061695562297, 0.07242300334110713, 0.8078163797032699], [0.27232294563179943, 0.03427538033266345, 0.6934016740355371]], "estimated_matrix": [[0.43564356435643564, 0.18811881188118812, 0.37623762376237624], [0.125, 0.0625, 0.8125], [0.3151515151515151, 0.06666666666666667, 0.6181818181818182]]}