{"choices": [[0, 0, 1, 0, 1, 0, 1, 0, 0, 0, 0, 0, 1, 0, 0], [0, 1, 0, 1, 0, 1], [0, 1, 0, 1, 0, 0, 0, 0, 0, 1, 1, 0, 1], [2, 2, 0, 1, 0, 1, 0, 1, 0], [0, 1, 0, 0, 1, 0, 0, 1, 0, 0, 0, 0, 0, 1], [2, 0, 1, 0, 0, 0, 1, 0, 0, 0, 0, 0, 0], [0, 2, 2, 2, 0, 1, 0, 1, 0, 0, 0, 1, 0, 0], [2, 0, 0, 0, 0, 1, 1, 0, 1, 0, 0, 0], [2, 2, 0, 0, 1, 1, 0, 0, 0, 1, 0], [1, 0, 0, 0, 0, 1, 0, 1, 0], [2, 0, 0, 1, 0, 0], [1, 0, 1, 0, 0, 1, 0, 0, 0], [0, 0, 0, 0, 1, 0, 0, 0, 0, 1, 0], [1, 0, 0, 0, 1, 0, 1, 0, 1, 0, 0, 1, 0], [1, 1, 0, 1, 0, 0, 1, 0, 0, 1, 0], [2, 2, 2, 0, 1, 0, 0, 1, 0, 0, 2, 2, 2], [1, 0, 0, 0, 0, 0, 0, 1, 0, 1, 0], [0, 1, 0, 0, 1, 2, 0, 0, 0, 0, 0, 0], [1, 0, 0, 0, 1, 0, 1], [0, 1, 1, 2, 2, 2, 2, 0, 1, 0, 1, 0, 1], [0, 1, 0, 0, 0, 0, 1, 0, 1, 0], [0, 0, 1, 0, 0, 1, 1, 0], [1, 1, 0, 1, 0, 0, 1, 0, 1], [1, 0, 0, 0, 1, 0, 0, 1, 0, 0, 0, 0, 1], [2, 0, 0, 0, 1, 0, 1, 2, 0, 1, 0, 0], [0, 0, 1, 0, 0, 0, 1, 0, 0, 2, 2, 0, 1, 0, 1, 2, 0]], "scores": [[0, 6], [3, 6], [2, 6], [4, 6], [6, 4], [4, 6], [2, 6], [2, 6], [1, 6], [0, 6], [2, 6], [3, 6], [4, 6], [1, 6], [4, 6], [3, 6], [3, 6], [1, 6], [4, 6], [2, 6], [0, 6], [0, 6], [5, 6], [3, 6], [5, 6]], "winner": [1, 1, 1, 1, 0, 1, 1, 1, 1, 1, 1, 1, 1, 1, 1, 1, 1, 1, 1, 1, 1, 1, 1, 1, 1], "ground_truth_matrix": [[0.5602576488614758, 0.4217591725712481, 0.01798317856727621], [0.8940514818389705, 0.07853194911365842, 0.02741656904737102], [0.5368665752534059, 0.00615791793908164, 0.4569755068075125]], "estimated_matrix": [[0.5297619047619048, 0.43452380952380953, 0.03571428571428571], [0.8292682926829268, 0.0975609756097561, 0.07317073170731707], [0.4782608695652174, 0.043478260869565216, 0.4782608695652174]]}